--------------+----------------------------------------------
 Host IP      | 127.0.1.1
 PyTorch      | 2.4.0a0+git4451b0e
 Torch-SDAA   | 2.0.0
--------------+----------------------------------------------
 SDAA Driver  | 2.2.0 (N/A)
 SDAA Runtime | 2.0.0 (/opt/tecoai/lib64/libsdaart.so)
 SDPTI        | 1.3.1 (/opt/tecoai/lib64/libsdpti.so)
 TecoDNN      | 2.0.0 (/opt/tecoai/lib64/libtecodnn.so)
 TecoBLAS     | 2.0.0 (/opt/tecoai/lib64/libtecoblas.so)
 CustomDNN    | 1.22.0 (/opt/tecoai/lib64/libtecodnn_ext.so)
 TecoRAND     | 1.8.0 (/opt/tecoai/lib64/libtecorand.so)
 TCCL         | 1.21.0 (/opt/tecoai/lib64/libtccl.so)
--------------+----------------------------------------------
# generator parameters: 734219
# discriminator parameters: 5215425
Epoch [1/100], Step [1], Loss_D: 1.0004, Loss_G: 0.0835, D(x): 0.4674, D(G(z)): 0.4679
Epoch [1/100], Step [2], Loss_D: 0.9702, Loss_G: 0.0964, D(x): 0.3951, D(G(z)): 0.3654
Epoch [1/100], Step [3], Loss_D: 0.9502, Loss_G: 0.0816, D(x): 0.3879, D(G(z)): 0.3380
Epoch [1/100], Step [4], Loss_D: 0.9356, Loss_G: 0.0871, D(x): 0.4161, D(G(z)): 0.3517
Epoch [1/100], Step [5], Loss_D: 0.9074, Loss_G: 0.0969, D(x): 0.4849, D(G(z)): 0.3923
Epoch [1/100], Step [6], Loss_D: 0.8942, Loss_G: 0.0872, D(x): 0.5327, D(G(z)): 0.4269
Epoch [1/100], Step [7], Loss_D: 0.8790, Loss_G: 0.0890, D(x): 0.5590, D(G(z)): 0.4380
Epoch [1/100], Step [8], Loss_D: 0.8261, Loss_G: 0.0881, D(x): 0.5856, D(G(z)): 0.4118
Epoch [1/100], Step [9], Loss_D: 0.8250, Loss_G: 0.0892, D(x): 0.5560, D(G(z)): 0.3810
Epoch [1/100], Step [10], Loss_D: 0.7853, Loss_G: 0.0851, D(x): 0.5725, D(G(z)): 0.3578
Epoch [1/100], Step [11], Loss_D: 0.7436, Loss_G: 0.0855, D(x): 0.6024, D(G(z)): 0.3461
Epoch [1/100], Step [12], Loss_D: 0.7175, Loss_G: 0.0852, D(x): 0.6173, D(G(z)): 0.3348
Epoch [1/100], Step [13], Loss_D: 0.6591, Loss_G: 0.1033, D(x): 0.6630, D(G(z)): 0.3221
Epoch [2/100], Step [1], Loss_D: 0.6751, Loss_G: 0.0916, D(x): 0.6120, D(G(z)): 0.2870
Epoch [2/100], Step [2], Loss_D: 0.5987, Loss_G: 0.0971, D(x): 0.6900, D(G(z)): 0.2887
Epoch [2/100], Step [3], Loss_D: 0.5832, Loss_G: 0.0793, D(x): 0.6887, D(G(z)): 0.2719
Epoch [2/100], Step [4], Loss_D: 0.5334, Loss_G: 0.0949, D(x): 0.7244, D(G(z)): 0.2578
Epoch [2/100], Step [5], Loss_D: 0.5065, Loss_G: 0.0826, D(x): 0.7310, D(G(z)): 0.2375
Epoch [2/100], Step [6], Loss_D: 0.4602, Loss_G: 0.0951, D(x): 0.7536, D(G(z)): 0.2139
Epoch [2/100], Step [7], Loss_D: 0.4361, Loss_G: 0.0938, D(x): 0.7788, D(G(z)): 0.2149
Epoch [2/100], Step [8], Loss_D: 0.3756, Loss_G: 0.0933, D(x): 0.8206, D(G(z)): 0.1962
Epoch [2/100], Step [9], Loss_D: 0.3542, Loss_G: 0.0906, D(x): 0.8151, D(G(z)): 0.1693
Epoch [2/100], Step [10], Loss_D: 0.3463, Loss_G: 0.0787, D(x): 0.7990, D(G(z)): 0.1452
Epoch [2/100], Step [11], Loss_D: 0.3109, Loss_G: 0.0912, D(x): 0.8530, D(G(z)): 0.1639
Epoch [2/100], Step [12], Loss_D: 0.3032, Loss_G: 0.0933, D(x): 0.8634, D(G(z)): 0.1666
Epoch [2/100], Step [13], Loss_D: 0.2350, Loss_G: 0.0860, D(x): 0.8813, D(G(z)): 0.1163
Epoch [3/100], Step [1], Loss_D: 0.2733, Loss_G: 0.0898, D(x): 0.8363, D(G(z)): 0.1097
Epoch [3/100], Step [2], Loss_D: 0.3604, Loss_G: 0.0814, D(x): 0.7711, D(G(z)): 0.1315
Epoch [3/100], Step [3], Loss_D: 0.3383, Loss_G: 0.0744, D(x): 0.8347, D(G(z)): 0.1730
Epoch [3/100], Step [4], Loss_D: 0.2483, Loss_G: 0.0898, D(x): 0.9257, D(G(z)): 0.1740
Epoch [3/100], Step [5], Loss_D: 0.2396, Loss_G: 0.0916, D(x): 0.8734, D(G(z)): 0.1130
Epoch [3/100], Step [6], Loss_D: 0.2650, Loss_G: 0.0868, D(x): 0.8252, D(G(z)): 0.0902
Epoch [3/100], Step [7], Loss_D: 0.2457, Loss_G: 0.0899, D(x): 0.8628, D(G(z)): 0.1085
Epoch [3/100], Step [8], Loss_D: 0.2867, Loss_G: 0.0767, D(x): 0.8661, D(G(z)): 0.1528
Epoch [3/100], Step [9], Loss_D: 0.2258, Loss_G: 0.0932, D(x): 0.9209, D(G(z)): 0.1467
Epoch [3/100], Step [10], Loss_D: 0.1865, Loss_G: 0.0924, D(x): 0.9069, D(G(z)): 0.0933
Epoch [3/100], Step [11], Loss_D: 0.3099, Loss_G: 0.0823, D(x): 0.7588, D(G(z)): 0.0686
Epoch [3/100], Step [12], Loss_D: 0.2210, Loss_G: 0.0835, D(x): 0.8738, D(G(z)): 0.0947
Epoch [3/100], Step [13], Loss_D: 0.1935, Loss_G: 0.1018, D(x): 0.9525, D(G(z)): 0.1460
Epoch [4/100], Step [1], Loss_D: 0.2247, Loss_G: 0.0915, D(x): 0.9051, D(G(z)): 0.1298
Epoch [4/100], Step [2], Loss_D: 0.2486, Loss_G: 0.0860, D(x): 0.8179, D(G(z)): 0.0665
Epoch [4/100], Step [3], Loss_D: 0.2939, Loss_G: 0.0879, D(x): 0.7931, D(G(z)): 0.0870
Epoch [4/100], Step [4], Loss_D: 0.2577, Loss_G: 0.0921, D(x): 0.9219, D(G(z)): 0.1796
Epoch [4/100], Step [5], Loss_D: 0.2678, Loss_G: 0.0748, D(x): 0.9078, D(G(z)): 0.1756
Epoch [4/100], Step [6], Loss_D: 0.2252, Loss_G: 0.0874, D(x): 0.8588, D(G(z)): 0.0839
Epoch [4/100], Step [7], Loss_D: 0.2740, Loss_G: 0.0853, D(x): 0.7923, D(G(z)): 0.0663
Epoch [4/100], Step [8], Loss_D: 0.2109, Loss_G: 0.0864, D(x): 0.8730, D(G(z)): 0.0839
Epoch [4/100], Step [9], Loss_D: 0.2643, Loss_G: 0.0837, D(x): 0.8730, D(G(z)): 0.1373
Epoch [4/100], Step [10], Loss_D: 0.1797, Loss_G: 0.0960, D(x): 0.9600, D(G(z)): 0.1397
Epoch [4/100], Step [11], Loss_D: 0.2046, Loss_G: 0.0948, D(x): 0.8828, D(G(z)): 0.0874
Epoch [4/100], Step [12], Loss_D: 0.1256, Loss_G: 0.0968, D(x): 0.9329, D(G(z)): 0.0585
Epoch [4/100], Step [13], Loss_D: 0.2066, Loss_G: 0.0982, D(x): 0.8571, D(G(z)): 0.0637
Epoch [5/100], Step [1], Loss_D: 0.1936, Loss_G: 0.0837, D(x): 0.9149, D(G(z)): 0.1084
Epoch [5/100], Step [2], Loss_D: 0.1815, Loss_G: 0.0839, D(x): 0.9414, D(G(z)): 0.1229
Epoch [5/100], Step [3], Loss_D: 0.1111, Loss_G: 0.0958, D(x): 0.9556, D(G(z)): 0.0667
Epoch [5/100], Step [4], Loss_D: 0.1455, Loss_G: 0.0964, D(x): 0.8885, D(G(z)): 0.0340
Epoch [5/100], Step [5], Loss_D: 0.1450, Loss_G: 0.0959, D(x): 0.8864, D(G(z)): 0.0314
Epoch [5/100], Step [6], Loss_D: 0.1145, Loss_G: 0.0994, D(x): 0.9363, D(G(z)): 0.0508
Epoch [5/100], Step [7], Loss_D: 0.1092, Loss_G: 0.0920, D(x): 0.9571, D(G(z)): 0.0663
Epoch [5/100], Step [8], Loss_D: 0.1291, Loss_G: 0.0858, D(x): 0.9433, D(G(z)): 0.0724
Epoch [5/100], Step [9], Loss_D: 0.1539, Loss_G: 0.0858, D(x): 0.9165, D(G(z)): 0.0704
Epoch [5/100], Step [10], Loss_D: 0.1621, Loss_G: 0.0892, D(x): 0.8985, D(G(z)): 0.0606
Epoch [5/100], Step [11], Loss_D: 0.0764, Loss_G: 0.0964, D(x): 0.9621, D(G(z)): 0.0384
Epoch [5/100], Step [12], Loss_D: 0.1031, Loss_G: 0.0871, D(x): 0.9371, D(G(z)): 0.0402
Epoch [5/100], Step [13], Loss_D: 0.1106, Loss_G: 0.0875, D(x): 0.9352, D(G(z)): 0.0458
Epoch [6/100], Step [1], Loss_D: 0.1086, Loss_G: 0.0818, D(x): 0.9550, D(G(z)): 0.0637
Epoch [6/100], Step [2], Loss_D: 0.1411, Loss_G: 0.0945, D(x): 0.9354, D(G(z)): 0.0766
Epoch [6/100], Step [3], Loss_D: 0.0901, Loss_G: 0.0827, D(x): 0.9434, D(G(z)): 0.0335
Epoch [6/100], Step [4], Loss_D: 0.1098, Loss_G: 0.0900, D(x): 0.9165, D(G(z)): 0.0263
Epoch [6/100], Step [5], Loss_D: 0.1013, Loss_G: 0.0811, D(x): 0.9239, D(G(z)): 0.0252
Epoch [6/100], Step [6], Loss_D: 0.1308, Loss_G: 0.0812, D(x): 0.9413, D(G(z)): 0.0721
Epoch [6/100], Step [7], Loss_D: 0.1437, Loss_G: 0.0828, D(x): 0.9131, D(G(z)): 0.0568
Epoch [6/100], Step [8], Loss_D: 0.0737, Loss_G: 0.0856, D(x): 0.9576, D(G(z)): 0.0313
Epoch [6/100], Step [9], Loss_D: 0.0823, Loss_G: 0.0911, D(x): 0.9440, D(G(z)): 0.0263
Epoch [6/100], Step [10], Loss_D: 0.0635, Loss_G: 0.0913, D(x): 0.9601, D(G(z)): 0.0236
Epoch [6/100], Step [11], Loss_D: 0.1235, Loss_G: 0.0786, D(x): 0.9232, D(G(z)): 0.0467
Epoch [6/100], Step [12], Loss_D: 0.0895, Loss_G: 0.0943, D(x): 0.9571, D(G(z)): 0.0465
Epoch [6/100], Step [13], Loss_D: 0.0526, Loss_G: 0.0989, D(x): 0.9910, D(G(z)): 0.0436
Epoch [7/100], Step [1], Loss_D: 0.0629, Loss_G: 0.0874, D(x): 0.9699, D(G(z)): 0.0328
Epoch [7/100], Step [2], Loss_D: 0.1075, Loss_G: 0.0835, D(x): 0.9135, D(G(z)): 0.0210
Epoch [7/100], Step [3], Loss_D: 0.0945, Loss_G: 0.0923, D(x): 0.9227, D(G(z)): 0.0171
Epoch [7/100], Step [4], Loss_D: 0.0506, Loss_G: 0.0908, D(x): 0.9714, D(G(z)): 0.0221
Epoch [7/100], Step [5], Loss_D: 0.0551, Loss_G: 0.0847, D(x): 0.9765, D(G(z)): 0.0316
Epoch [7/100], Step [6], Loss_D: 0.0852, Loss_G: 0.0840, D(x): 0.9584, D(G(z)): 0.0436
Epoch [7/100], Step [7], Loss_D: 0.1085, Loss_G: 0.0838, D(x): 0.9580, D(G(z)): 0.0665
Epoch [7/100], Step [8], Loss_D: 0.0735, Loss_G: 0.1020, D(x): 0.9767, D(G(z)): 0.0503
Epoch [7/100], Step [9], Loss_D: 0.0592, Loss_G: 0.0869, D(x): 0.9592, D(G(z)): 0.0184
Epoch [7/100], Step [10], Loss_D: 0.0333, Loss_G: 0.0928, D(x): 0.9795, D(G(z)): 0.0128
Epoch [7/100], Step [11], Loss_D: 0.0888, Loss_G: 0.0909, D(x): 0.9232, D(G(z)): 0.0119
Epoch [7/100], Step [12], Loss_D: 0.0508, Loss_G: 0.0881, D(x): 0.9698, D(G(z)): 0.0206
Epoch [7/100], Step [13], Loss_D: 0.1074, Loss_G: 0.0908, D(x): 0.9185, D(G(z)): 0.0259
Epoch [8/100], Step [1], Loss_D: 0.0875, Loss_G: 0.0826, D(x): 0.9851, D(G(z)): 0.0726
Epoch [8/100], Step [2], Loss_D: 0.1210, Loss_G: 0.0918, D(x): 0.9456, D(G(z)): 0.0666
Epoch [8/100], Step [3], Loss_D: 0.0916, Loss_G: 0.0950, D(x): 0.9329, D(G(z)): 0.0245
Epoch [8/100], Step [4], Loss_D: 0.0691, Loss_G: 0.0874, D(x): 0.9417, D(G(z)): 0.0108
Epoch [8/100], Step [5], Loss_D: 0.0509, Loss_G: 0.1000, D(x): 0.9567, D(G(z)): 0.0076
Epoch [8/100], Step [6], Loss_D: 0.0864, Loss_G: 0.0867, D(x): 0.9186, D(G(z)): 0.0050
Epoch [8/100], Step [7], Loss_D: 0.0745, Loss_G: 0.0861, D(x): 0.9399, D(G(z)): 0.0144
Epoch [8/100], Step [8], Loss_D: 0.0804, Loss_G: 0.0859, D(x): 0.9651, D(G(z)): 0.0455
Epoch [8/100], Step [9], Loss_D: 0.1183, Loss_G: 0.0815, D(x): 0.9710, D(G(z)): 0.0894
Epoch [8/100], Step [10], Loss_D: 0.0379, Loss_G: 0.1020, D(x): 0.9831, D(G(z)): 0.0210
Epoch [8/100], Step [11], Loss_D: 0.0372, Loss_G: 0.0901, D(x): 0.9724, D(G(z)): 0.0096
Epoch [8/100], Step [12], Loss_D: 0.0587, Loss_G: 0.0975, D(x): 0.9500, D(G(z)): 0.0088
Epoch [8/100], Step [13], Loss_D: 0.1259, Loss_G: 0.0829, D(x): 0.8834, D(G(z)): 0.0093
Epoch [9/100], Step [1], Loss_D: 0.0576, Loss_G: 0.0891, D(x): 0.9817, D(G(z)): 0.0392
Epoch [9/100], Step [2], Loss_D: 0.0959, Loss_G: 0.0899, D(x): 0.9858, D(G(z)): 0.0817
Epoch [9/100], Step [3], Loss_D: 0.0907, Loss_G: 0.0783, D(x): 0.9731, D(G(z)): 0.0639
Epoch [9/100], Step [4], Loss_D: 0.1028, Loss_G: 0.1038, D(x): 0.9274, D(G(z)): 0.0302
Epoch [9/100], Step [5], Loss_D: 0.0696, Loss_G: 0.0931, D(x): 0.9543, D(G(z)): 0.0240
Epoch [9/100], Step [6], Loss_D: 0.0664, Loss_G: 0.0928, D(x): 0.9439, D(G(z)): 0.0102
Epoch [9/100], Step [7], Loss_D: 0.0823, Loss_G: 0.0876, D(x): 0.9288, D(G(z)): 0.0112
Epoch [9/100], Step [8], Loss_D: 0.0219, Loss_G: 0.0907, D(x): 0.9921, D(G(z)): 0.0140
Epoch [9/100], Step [9], Loss_D: 0.0504, Loss_G: 0.0956, D(x): 0.9696, D(G(z)): 0.0200
Epoch [9/100], Step [10], Loss_D: 0.0517, Loss_G: 0.0770, D(x): 0.9811, D(G(z)): 0.0328
Epoch [9/100], Step [11], Loss_D: 0.0653, Loss_G: 0.0874, D(x): 0.9935, D(G(z)): 0.0588
Epoch [9/100], Step [12], Loss_D: 0.0427, Loss_G: 0.0849, D(x): 0.9904, D(G(z)): 0.0330
Epoch [9/100], Step [13], Loss_D: 0.0280, Loss_G: 0.1021, D(x): 0.9802, D(G(z)): 0.0081
Epoch [10/100], Step [1], Loss_D: 0.1013, Loss_G: 0.0879, D(x): 0.9040, D(G(z)): 0.0053
Epoch [10/100], Step [2], Loss_D: 0.0941, Loss_G: 0.0712, D(x): 0.9104, D(G(z)): 0.0046
Epoch [10/100], Step [3], Loss_D: 0.0252, Loss_G: 0.0842, D(x): 0.9829, D(G(z)): 0.0081
Epoch [10/100], Step [4], Loss_D: 0.0289, Loss_G: 0.0877, D(x): 0.9864, D(G(z)): 0.0153
Epoch [10/100], Step [5], Loss_D: 0.0472, Loss_G: 0.0941, D(x): 0.9925, D(G(z)): 0.0396
Epoch [10/100], Step [6], Loss_D: 0.0646, Loss_G: 0.0908, D(x): 0.9910, D(G(z)): 0.0556
Epoch [10/100], Step [7], Loss_D: 0.0637, Loss_G: 0.0880, D(x): 0.9798, D(G(z)): 0.0436
Epoch [10/100], Step [8], Loss_D: 0.0509, Loss_G: 0.0915, D(x): 0.9680, D(G(z)): 0.0189
Epoch [10/100], Step [9], Loss_D: 0.0345, Loss_G: 0.0979, D(x): 0.9758, D(G(z)): 0.0103
Epoch [10/100], Step [10], Loss_D: 0.0695, Loss_G: 0.0869, D(x): 0.9364, D(G(z)): 0.0059
Epoch [10/100], Step [11], Loss_D: 0.0596, Loss_G: 0.0920, D(x): 0.9496, D(G(z)): 0.0092
Epoch [10/100], Step [12], Loss_D: 0.0577, Loss_G: 0.0793, D(x): 0.9545, D(G(z)): 0.0122
Epoch [10/100], Step [13], Loss_D: 0.0349, Loss_G: 0.0800, D(x): 0.9913, D(G(z)): 0.0261
Epoch [11/100], Step [1], Loss_D: 0.0841, Loss_G: 0.0855, D(x): 0.9533, D(G(z)): 0.0374
Epoch [11/100], Step [2], Loss_D: 0.0639, Loss_G: 0.0827, D(x): 0.9765, D(G(z)): 0.0404
Epoch [11/100], Step [3], Loss_D: 0.0452, Loss_G: 0.0817, D(x): 0.9758, D(G(z)): 0.0209
Epoch [11/100], Step [4], Loss_D: 0.0353, Loss_G: 0.0791, D(x): 0.9821, D(G(z)): 0.0173
Epoch [11/100], Step [5], Loss_D: 0.0562, Loss_G: 0.0822, D(x): 0.9575, D(G(z)): 0.0137
Epoch [11/100], Step [6], Loss_D: 0.1039, Loss_G: 0.0871, D(x): 0.9095, D(G(z)): 0.0134
Epoch [11/100], Step [7], Loss_D: 0.0326, Loss_G: 0.0911, D(x): 0.9848, D(G(z)): 0.0174
Epoch [11/100], Step [8], Loss_D: 0.0398, Loss_G: 0.0808, D(x): 0.9889, D(G(z)): 0.0286
Epoch [11/100], Step [9], Loss_D: 0.0334, Loss_G: 0.0927, D(x): 0.9971, D(G(z)): 0.0305
Epoch [11/100], Step [10], Loss_D: 0.0629, Loss_G: 0.0917, D(x): 0.9715, D(G(z)): 0.0344
Epoch [11/100], Step [11], Loss_D: 0.0318, Loss_G: 0.1032, D(x): 0.9927, D(G(z)): 0.0246
Epoch [11/100], Step [12], Loss_D: 0.0472, Loss_G: 0.0999, D(x): 0.9669, D(G(z)): 0.0141
Epoch [11/100], Step [13], Loss_D: 0.0365, Loss_G: 0.0940, D(x): 0.9726, D(G(z)): 0.0091
Epoch [12/100], Step [1], Loss_D: 0.0306, Loss_G: 0.0774, D(x): 0.9772, D(G(z)): 0.0079
Epoch [12/100], Step [2], Loss_D: 0.0284, Loss_G: 0.0916, D(x): 0.9801, D(G(z)): 0.0085
Epoch [12/100], Step [3], Loss_D: 0.0565, Loss_G: 0.0887, D(x): 0.9532, D(G(z)): 0.0097
Epoch [12/100], Step [4], Loss_D: 0.0596, Loss_G: 0.1002, D(x): 0.9582, D(G(z)): 0.0178
Epoch [12/100], Step [5], Loss_D: 0.0593, Loss_G: 0.0841, D(x): 0.9729, D(G(z)): 0.0322
Epoch [12/100], Step [6], Loss_D: 0.0680, Loss_G: 0.0856, D(x): 0.9918, D(G(z)): 0.0597
Epoch [12/100], Step [7], Loss_D: 0.0396, Loss_G: 0.0999, D(x): 0.9809, D(G(z)): 0.0204
Epoch [12/100], Step [8], Loss_D: 0.0552, Loss_G: 0.0748, D(x): 0.9655, D(G(z)): 0.0207
Epoch [12/100], Step [9], Loss_D: 0.0344, Loss_G: 0.0840, D(x): 0.9821, D(G(z)): 0.0165
Epoch [12/100], Step [10], Loss_D: 0.0739, Loss_G: 0.0811, D(x): 0.9407, D(G(z)): 0.0145
Epoch [12/100], Step [11], Loss_D: 0.0667, Loss_G: 0.0879, D(x): 0.9572, D(G(z)): 0.0239
Epoch [12/100], Step [12], Loss_D: 0.0858, Loss_G: 0.0744, D(x): 0.9605, D(G(z)): 0.0463
Epoch [12/100], Step [13], Loss_D: 0.0646, Loss_G: 0.0934, D(x): 0.9732, D(G(z)): 0.0378
Epoch [13/100], Step [1], Loss_D: 0.0314, Loss_G: 0.0936, D(x): 0.9920, D(G(z)): 0.0234
Epoch [13/100], Step [2], Loss_D: 0.0340, Loss_G: 0.0902, D(x): 0.9739, D(G(z)): 0.0079
Epoch [13/100], Step [3], Loss_D: 0.0419, Loss_G: 0.1019, D(x): 0.9621, D(G(z)): 0.0040
Epoch [13/100], Step [4], Loss_D: 0.0751, Loss_G: 0.0915, D(x): 0.9305, D(G(z)): 0.0056
Epoch [13/100], Step [5], Loss_D: 0.0599, Loss_G: 0.0795, D(x): 0.9510, D(G(z)): 0.0109
Epoch [13/100], Step [6], Loss_D: 0.0615, Loss_G: 0.0791, D(x): 0.9643, D(G(z)): 0.0257
Epoch [13/100], Step [7], Loss_D: 0.0522, Loss_G: 0.0935, D(x): 0.9932, D(G(z)): 0.0454
Epoch [13/100], Step [8], Loss_D: 0.0754, Loss_G: 0.0833, D(x): 0.9835, D(G(z)): 0.0589
Epoch [13/100], Step [9], Loss_D: 0.0406, Loss_G: 0.0811, D(x): 0.9874, D(G(z)): 0.0280
Epoch [13/100], Step [10], Loss_D: 0.0252, Loss_G: 0.0926, D(x): 0.9926, D(G(z)): 0.0178
Epoch [13/100], Step [11], Loss_D: 0.1023, Loss_G: 0.0848, D(x): 0.9076, D(G(z)): 0.0098
Epoch [13/100], Step [12], Loss_D: 0.0921, Loss_G: 0.0848, D(x): 0.9150, D(G(z)): 0.0071
Epoch [13/100], Step [13], Loss_D: 0.0787, Loss_G: 0.0705, D(x): 0.9309, D(G(z)): 0.0096
Epoch [14/100], Step [1], Loss_D: 0.0392, Loss_G: 0.0930, D(x): 0.9775, D(G(z)): 0.0167
Epoch [14/100], Step [2], Loss_D: 0.0754, Loss_G: 0.0886, D(x): 0.9592, D(G(z)): 0.0346
Epoch [14/100], Step [3], Loss_D: 0.1123, Loss_G: 0.0806, D(x): 0.9679, D(G(z)): 0.0802
Epoch [14/100], Step [4], Loss_D: 0.0613, Loss_G: 0.0845, D(x): 0.9977, D(G(z)): 0.0590
Epoch [14/100], Step [5], Loss_D: 0.0390, Loss_G: 0.0932, D(x): 0.9719, D(G(z)): 0.0109
Epoch [14/100], Step [6], Loss_D: 0.0546, Loss_G: 0.1026, D(x): 0.9505, D(G(z)): 0.0051
Epoch [14/100], Step [7], Loss_D: 0.0758, Loss_G: 0.0895, D(x): 0.9293, D(G(z)): 0.0051
Epoch [14/100], Step [8], Loss_D: 0.0268, Loss_G: 0.0910, D(x): 0.9818, D(G(z)): 0.0086
Epoch [14/100], Step [9], Loss_D: 0.0883, Loss_G: 0.0830, D(x): 0.9255, D(G(z)): 0.0138
Epoch [14/100], Step [10], Loss_D: 0.0591, Loss_G: 0.0906, D(x): 0.9658, D(G(z)): 0.0249
Epoch [14/100], Step [11], Loss_D: 0.0686, Loss_G: 0.0977, D(x): 0.9831, D(G(z)): 0.0517
Epoch [14/100], Step [12], Loss_D: 0.0334, Loss_G: 0.1022, D(x): 0.9964, D(G(z)): 0.0298
Epoch [14/100], Step [13], Loss_D: 0.0453, Loss_G: 0.0910, D(x): 0.9694, D(G(z)): 0.0147
Epoch [15/100], Step [1], Loss_D: 0.0625, Loss_G: 0.0875, D(x): 0.9695, D(G(z)): 0.0320
Epoch [15/100], Step [2], Loss_D: 0.0418, Loss_G: 0.0983, D(x): 0.9733, D(G(z)): 0.0150
Epoch [15/100], Step [3], Loss_D: 0.0321, Loss_G: 0.0898, D(x): 0.9855, D(G(z)): 0.0176
Epoch [15/100], Step [4], Loss_D: 0.0316, Loss_G: 0.0837, D(x): 0.9795, D(G(z)): 0.0111
Epoch [15/100], Step [5], Loss_D: 0.0414, Loss_G: 0.0849, D(x): 0.9769, D(G(z)): 0.0182
Epoch [15/100], Step [6], Loss_D: 0.0311, Loss_G: 0.0927, D(x): 0.9897, D(G(z)): 0.0208
Epoch [15/100], Step [7], Loss_D: 0.0540, Loss_G: 0.0855, D(x): 0.9735, D(G(z)): 0.0275
Epoch [15/100], Step [8], Loss_D: 0.0276, Loss_G: 0.0976, D(x): 0.9982, D(G(z)): 0.0258
Epoch [15/100], Step [9], Loss_D: 0.0450, Loss_G: 0.0822, D(x): 0.9793, D(G(z)): 0.0243
Epoch [15/100], Step [10], Loss_D: 0.0430, Loss_G: 0.0951, D(x): 0.9914, D(G(z)): 0.0344
Epoch [15/100], Step [11], Loss_D: 0.0500, Loss_G: 0.0907, D(x): 0.9789, D(G(z)): 0.0289
Epoch [15/100], Step [12], Loss_D: 0.0548, Loss_G: 0.0842, D(x): 0.9753, D(G(z)): 0.0301
Epoch [15/100], Step [13], Loss_D: 0.0364, Loss_G: 0.0872, D(x): 0.9908, D(G(z)): 0.0272
Epoch [16/100], Step [1], Loss_D: 0.0609, Loss_G: 0.0718, D(x): 0.9557, D(G(z)): 0.0166
Epoch [16/100], Step [2], Loss_D: 0.0627, Loss_G: 0.0843, D(x): 0.9509, D(G(z)): 0.0136
Epoch [16/100], Step [3], Loss_D: 0.0153, Loss_G: 0.0998, D(x): 0.9970, D(G(z)): 0.0123
Epoch [16/100], Step [4], Loss_D: 0.0295, Loss_G: 0.0860, D(x): 0.9852, D(G(z)): 0.0147
Epoch [16/100], Step [5], Loss_D: 0.0286, Loss_G: 0.0929, D(x): 0.9895, D(G(z)): 0.0182
Epoch [16/100], Step [6], Loss_D: 0.0458, Loss_G: 0.0909, D(x): 0.9783, D(G(z)): 0.0241
Epoch [16/100], Step [7], Loss_D: 0.0530, Loss_G: 0.0785, D(x): 0.9731, D(G(z)): 0.0261
Epoch [16/100], Step [8], Loss_D: 0.0660, Loss_G: 0.0838, D(x): 0.9626, D(G(z)): 0.0286
Epoch [16/100], Step [9], Loss_D: 0.0541, Loss_G: 0.0902, D(x): 0.9840, D(G(z)): 0.0381
Epoch [16/100], Step [10], Loss_D: 0.0512, Loss_G: 0.1029, D(x): 0.9819, D(G(z)): 0.0330
Epoch [16/100], Step [11], Loss_D: 0.0273, Loss_G: 0.0928, D(x): 0.9969, D(G(z)): 0.0242
Epoch [16/100], Step [12], Loss_D: 0.0414, Loss_G: 0.0824, D(x): 0.9786, D(G(z)): 0.0201
Epoch [16/100], Step [13], Loss_D: 0.0207, Loss_G: 0.0999, D(x): 0.9935, D(G(z)): 0.0142
Epoch [17/100], Step [1], Loss_D: 0.0388, Loss_G: 0.0855, D(x): 0.9751, D(G(z)): 0.0139
Epoch [17/100], Step [2], Loss_D: 0.0546, Loss_G: 0.0881, D(x): 0.9591, D(G(z)): 0.0137
Epoch [17/100], Step [3], Loss_D: 0.0542, Loss_G: 0.0837, D(x): 0.9636, D(G(z)): 0.0178
Epoch [17/100], Step [4], Loss_D: 0.0395, Loss_G: 0.0815, D(x): 0.9841, D(G(z)): 0.0236
Epoch [17/100], Step [5], Loss_D: 0.0315, Loss_G: 0.0956, D(x): 0.9992, D(G(z)): 0.0307
Epoch [17/100], Step [6], Loss_D: 0.0412, Loss_G: 0.0925, D(x): 0.9855, D(G(z)): 0.0267
Epoch [17/100], Step [7], Loss_D: 0.0347, Loss_G: 0.0835, D(x): 0.9948, D(G(z)): 0.0295
Epoch [17/100], Step [8], Loss_D: 0.0374, Loss_G: 0.0902, D(x): 0.9895, D(G(z)): 0.0269
Epoch [17/100], Step [9], Loss_D: 0.0459, Loss_G: 0.0829, D(x): 0.9717, D(G(z)): 0.0176
Epoch [17/100], Step [10], Loss_D: 0.0196, Loss_G: 0.0882, D(x): 0.9897, D(G(z)): 0.0094
Epoch [17/100], Step [11], Loss_D: 0.0201, Loss_G: 0.0781, D(x): 0.9946, D(G(z)): 0.0147
Epoch [17/100], Step [12], Loss_D: 0.0720, Loss_G: 0.0829, D(x): 0.9463, D(G(z)): 0.0183
Epoch [17/100], Step [13], Loss_D: 0.0509, Loss_G: 0.0958, D(x): 0.9755, D(G(z)): 0.0264
Epoch [18/100], Step [1], Loss_D: 0.0875, Loss_G: 0.0894, D(x): 0.9501, D(G(z)): 0.0376
Epoch [18/100], Step [2], Loss_D: 0.0473, Loss_G: 0.0821, D(x): 0.9986, D(G(z)): 0.0459
Epoch [18/100], Step [3], Loss_D: 0.0456, Loss_G: 0.0888, D(x): 0.9800, D(G(z)): 0.0256
Epoch [18/100], Step [4], Loss_D: 0.0575, Loss_G: 0.0828, D(x): 0.9641, D(G(z)): 0.0216
Epoch [18/100], Step [5], Loss_D: 0.0339, Loss_G: 0.0943, D(x): 0.9817, D(G(z)): 0.0157
Epoch [18/100], Step [6], Loss_D: 0.0637, Loss_G: 0.0791, D(x): 0.9483, D(G(z)): 0.0121
Epoch [18/100], Step [7], Loss_D: 0.0305, Loss_G: 0.0852, D(x): 0.9884, D(G(z)): 0.0188
Epoch [18/100], Step [8], Loss_D: 0.0555, Loss_G: 0.0894, D(x): 0.9653, D(G(z)): 0.0207
Epoch [18/100], Step [9], Loss_D: 0.0393, Loss_G: 0.0998, D(x): 0.9994, D(G(z)): 0.0387
Epoch [18/100], Step [10], Loss_D: 0.0336, Loss_G: 0.0840, D(x): 0.9982, D(G(z)): 0.0318
Epoch [18/100], Step [11], Loss_D: 0.0673, Loss_G: 0.0803, D(x): 0.9597, D(G(z)): 0.0270
Epoch [18/100], Step [12], Loss_D: 0.0442, Loss_G: 0.0855, D(x): 0.9787, D(G(z)): 0.0229
Epoch [18/100], Step [13], Loss_D: 0.0548, Loss_G: 0.0948, D(x): 0.9601, D(G(z)): 0.0149
Epoch [19/100], Step [1], Loss_D: 0.0520, Loss_G: 0.0772, D(x): 0.9720, D(G(z)): 0.0240
Epoch [19/100], Step [2], Loss_D: 0.0301, Loss_G: 0.0833, D(x): 0.9919, D(G(z)): 0.0220
Epoch [19/100], Step [3], Loss_D: 0.0244, Loss_G: 0.0865, D(x): 0.9959, D(G(z)): 0.0203
Epoch [19/100], Step [4], Loss_D: 0.0302, Loss_G: 0.0858, D(x): 0.9904, D(G(z)): 0.0206
Epoch [19/100], Step [5], Loss_D: 0.0609, Loss_G: 0.0865, D(x): 0.9686, D(G(z)): 0.0296
Epoch [19/100], Step [6], Loss_D: 0.0399, Loss_G: 0.0865, D(x): 0.9826, D(G(z)): 0.0224
Epoch [19/100], Step [7], Loss_D: 0.0495, Loss_G: 0.0924, D(x): 0.9810, D(G(z)): 0.0306
Epoch [19/100], Step [8], Loss_D: 0.0341, Loss_G: 0.0929, D(x): 0.9870, D(G(z)): 0.0212
Epoch [19/100], Step [9], Loss_D: 0.0446, Loss_G: 0.0952, D(x): 0.9820, D(G(z)): 0.0266
Epoch [19/100], Step [10], Loss_D: 0.0608, Loss_G: 0.0801, D(x): 0.9655, D(G(z)): 0.0263
Epoch [19/100], Step [11], Loss_D: 0.0524, Loss_G: 0.0803, D(x): 0.9674, D(G(z)): 0.0198
Epoch [19/100], Step [12], Loss_D: 0.0151, Loss_G: 0.0981, D(x): 0.9957, D(G(z)): 0.0108
Epoch [19/100], Step [13], Loss_D: 0.0329, Loss_G: 0.0886, D(x): 0.9789, D(G(z)): 0.0117
Epoch [20/100], Step [1], Loss_D: 0.0532, Loss_G: 0.0845, D(x): 0.9627, D(G(z)): 0.0159
Epoch [20/100], Step [2], Loss_D: 0.0546, Loss_G: 0.0879, D(x): 0.9816, D(G(z)): 0.0362
Epoch [20/100], Step [3], Loss_D: 0.0481, Loss_G: 0.0869, D(x): 0.9976, D(G(z)): 0.0457
Epoch [20/100], Step [4], Loss_D: 0.0251, Loss_G: 0.0865, D(x): 0.9971, D(G(z)): 0.0222
Epoch [20/100], Step [5], Loss_D: 0.0146, Loss_G: 0.0938, D(x): 0.9925, D(G(z)): 0.0071
Epoch [20/100], Step [6], Loss_D: 0.0481, Loss_G: 0.0862, D(x): 0.9556, D(G(z)): 0.0037
Epoch [20/100], Step [7], Loss_D: 0.0811, Loss_G: 0.0870, D(x): 0.9256, D(G(z)): 0.0067
Epoch [20/100], Step [8], Loss_D: 0.0392, Loss_G: 0.0907, D(x): 0.9722, D(G(z)): 0.0114
Epoch [20/100], Step [9], Loss_D: 0.0638, Loss_G: 0.0877, D(x): 0.9788, D(G(z)): 0.0425
Epoch [20/100], Step [10], Loss_D: 0.0583, Loss_G: 0.0874, D(x): 0.9837, D(G(z)): 0.0420
Epoch [20/100], Step [11], Loss_D: 0.0493, Loss_G: 0.0874, D(x): 0.9726, D(G(z)): 0.0219
Epoch [20/100], Step [12], Loss_D: 0.0298, Loss_G: 0.1048, D(x): 0.9817, D(G(z)): 0.0115
Epoch [20/100], Step [13], Loss_D: 0.0863, Loss_G: 0.0844, D(x): 0.9226, D(G(z)): 0.0089
Epoch [21/100], Step [1], Loss_D: 0.0496, Loss_G: 0.0935, D(x): 0.9569, D(G(z)): 0.0065
Epoch [21/100], Step [2], Loss_D: 0.0473, Loss_G: 0.0868, D(x): 0.9629, D(G(z)): 0.0102
Epoch [21/100], Step [3], Loss_D: 0.0479, Loss_G: 0.0879, D(x): 0.9791, D(G(z)): 0.0270
Epoch [21/100], Step [4], Loss_D: 0.0731, Loss_G: 0.0826, D(x): 0.9762, D(G(z)): 0.0493
Epoch [21/100], Step [5], Loss_D: 0.0421, Loss_G: 0.0887, D(x): 0.9977, D(G(z)): 0.0398
Epoch [21/100], Step [6], Loss_D: 0.0373, Loss_G: 0.0878, D(x): 0.9763, D(G(z)): 0.0137
Epoch [21/100], Step [7], Loss_D: 0.0704, Loss_G: 0.0827, D(x): 0.9373, D(G(z)): 0.0077
Epoch [21/100], Step [8], Loss_D: 0.0301, Loss_G: 0.0908, D(x): 0.9758, D(G(z)): 0.0060
Epoch [21/100], Step [9], Loss_D: 0.0364, Loss_G: 0.0959, D(x): 0.9706, D(G(z)): 0.0071
Epoch [21/100], Step [10], Loss_D: 0.0148, Loss_G: 0.0926, D(x): 0.9974, D(G(z)): 0.0122
Epoch [21/100], Step [11], Loss_D: 0.0529, Loss_G: 0.0888, D(x): 0.9769, D(G(z)): 0.0297
Epoch [21/100], Step [12], Loss_D: 0.0383, Loss_G: 0.0896, D(x): 0.9954, D(G(z)): 0.0338
Epoch [21/100], Step [13], Loss_D: 0.0520, Loss_G: 0.0901, D(x): 0.9745, D(G(z)): 0.0265
Epoch [22/100], Step [1], Loss_D: 0.0412, Loss_G: 0.0843, D(x): 0.9758, D(G(z)): 0.0170
Epoch [22/100], Step [2], Loss_D: 0.0553, Loss_G: 0.0801, D(x): 0.9548, D(G(z)): 0.0100
Epoch [22/100], Step [3], Loss_D: 0.0576, Loss_G: 0.0911, D(x): 0.9551, D(G(z)): 0.0128
Epoch [22/100], Step [4], Loss_D: 0.0217, Loss_G: 0.0882, D(x): 0.9943, D(G(z)): 0.0160
Epoch [22/100], Step [5], Loss_D: 0.0581, Loss_G: 0.0766, D(x): 0.9738, D(G(z)): 0.0319
Epoch [22/100], Step [6], Loss_D: 0.0352, Loss_G: 0.0913, D(x): 0.9976, D(G(z)): 0.0327
Epoch [22/100], Step [7], Loss_D: 0.0468, Loss_G: 0.0856, D(x): 0.9909, D(G(z)): 0.0377
Epoch [22/100], Step [8], Loss_D: 0.0229, Loss_G: 0.0878, D(x): 0.9895, D(G(z)): 0.0124
Epoch [22/100], Step [9], Loss_D: 0.0649, Loss_G: 0.0937, D(x): 0.9422, D(G(z)): 0.0071
Epoch [22/100], Step [10], Loss_D: 0.0278, Loss_G: 0.0936, D(x): 0.9784, D(G(z)): 0.0062
Epoch [22/100], Step [11], Loss_D: 0.0396, Loss_G: 0.0850, D(x): 0.9683, D(G(z)): 0.0078
Epoch [22/100], Step [12], Loss_D: 0.0248, Loss_G: 0.0892, D(x): 0.9893, D(G(z)): 0.0141
Epoch [22/100], Step [13], Loss_D: 0.0245, Loss_G: 0.0843, D(x): 0.9990, D(G(z)): 0.0235
Epoch [23/100], Step [1], Loss_D: 0.0495, Loss_G: 0.0764, D(x): 0.9815, D(G(z)): 0.0310
Epoch [23/100], Step [2], Loss_D: 0.0491, Loss_G: 0.0752, D(x): 0.9726, D(G(z)): 0.0217
Epoch [23/100], Step [3], Loss_D: 0.0234, Loss_G: 0.0838, D(x): 0.9944, D(G(z)): 0.0178
Epoch [23/100], Step [4], Loss_D: 0.0198, Loss_G: 0.0916, D(x): 0.9889, D(G(z)): 0.0087
Epoch [23/100], Step [5], Loss_D: 0.0457, Loss_G: 0.0922, D(x): 0.9719, D(G(z)): 0.0176
Epoch [23/100], Step [6], Loss_D: 0.0332, Loss_G: 0.0860, D(x): 0.9779, D(G(z)): 0.0111
Epoch [23/100], Step [7], Loss_D: 0.0427, Loss_G: 0.0843, D(x): 0.9844, D(G(z)): 0.0271
Epoch [23/100], Step [8], Loss_D: 0.0414, Loss_G: 0.0859, D(x): 0.9969, D(G(z)): 0.0383
Epoch [23/100], Step [9], Loss_D: 0.0237, Loss_G: 0.0948, D(x): 0.9891, D(G(z)): 0.0128
Epoch [23/100], Step [10], Loss_D: 0.0500, Loss_G: 0.0824, D(x): 0.9560, D(G(z)): 0.0060
Epoch [23/100], Step [11], Loss_D: 0.0131, Loss_G: 0.1030, D(x): 0.9898, D(G(z)): 0.0029
Epoch [23/100], Step [12], Loss_D: 0.0226, Loss_G: 0.0823, D(x): 0.9798, D(G(z)): 0.0024
Epoch [23/100], Step [13], Loss_D: 0.0213, Loss_G: 0.0991, D(x): 0.9817, D(G(z)): 0.0030
Epoch [24/100], Step [1], Loss_D: 0.0317, Loss_G: 0.0925, D(x): 0.9756, D(G(z)): 0.0073
Epoch [24/100], Step [2], Loss_D: 0.0198, Loss_G: 0.0846, D(x): 0.9977, D(G(z)): 0.0174
Epoch [24/100], Step [3], Loss_D: 0.0511, Loss_G: 0.0729, D(x): 0.9966, D(G(z)): 0.0477
Epoch [24/100], Step [4], Loss_D: 0.0691, Loss_G: 0.0792, D(x): 0.9617, D(G(z)): 0.0308
Epoch [24/100], Step [5], Loss_D: 0.0303, Loss_G: 0.0932, D(x): 0.9881, D(G(z)): 0.0184
Epoch [24/100], Step [6], Loss_D: 0.0368, Loss_G: 0.0872, D(x): 0.9812, D(G(z)): 0.0180
Epoch [24/100], Step [7], Loss_D: 0.0206, Loss_G: 0.0875, D(x): 0.9979, D(G(z)): 0.0185
Epoch [24/100], Step [8], Loss_D: 0.0347, Loss_G: 0.0916, D(x): 0.9738, D(G(z)): 0.0085
Epoch [24/100], Step [9], Loss_D: 0.0332, Loss_G: 0.0988, D(x): 0.9743, D(G(z)): 0.0075
Epoch [24/100], Step [10], Loss_D: 0.0703, Loss_G: 0.0862, D(x): 0.9350, D(G(z)): 0.0052
Epoch [24/100], Step [11], Loss_D: 0.0665, Loss_G: 0.0804, D(x): 0.9509, D(G(z)): 0.0174
Epoch [24/100], Step [12], Loss_D: 0.0395, Loss_G: 0.1020, D(x): 0.9997, D(G(z)): 0.0392
Epoch [24/100], Step [13], Loss_D: 0.0621, Loss_G: 0.0871, D(x): 0.9976, D(G(z)): 0.0597
Epoch [25/100], Step [1], Loss_D: 0.0103, Loss_G: 0.0831, D(x): 0.9974, D(G(z)): 0.0076
Epoch [25/100], Step [2], Loss_D: 0.0896, Loss_G: 0.0945, D(x): 0.9126, D(G(z)): 0.0022
Epoch [25/100], Step [3], Loss_D: 0.0260, Loss_G: 0.0871, D(x): 0.9752, D(G(z)): 0.0012
Epoch [25/100], Step [4], Loss_D: 0.0423, Loss_G: 0.0805, D(x): 0.9601, D(G(z)): 0.0024
Epoch [25/100], Step [5], Loss_D: 0.0358, Loss_G: 0.0879, D(x): 0.9763, D(G(z)): 0.0121
Epoch [25/100], Step [6], Loss_D: 0.0660, Loss_G: 0.0903, D(x): 0.9889, D(G(z)): 0.0549
Epoch [25/100], Step [7], Loss_D: 0.0403, Loss_G: 0.0861, D(x): 0.9821, D(G(z)): 0.0224
Epoch [25/100], Step [8], Loss_D: 0.0309, Loss_G: 0.0880, D(x): 0.9792, D(G(z)): 0.0101
Epoch [25/100], Step [9], Loss_D: 0.0372, Loss_G: 0.0876, D(x): 0.9688, D(G(z)): 0.0060
Epoch [25/100], Step [10], Loss_D: 0.0230, Loss_G: 0.1040, D(x): 0.9896, D(G(z)): 0.0126
Epoch [25/100], Step [11], Loss_D: 0.0764, Loss_G: 0.0829, D(x): 0.9316, D(G(z)): 0.0081
Epoch [25/100], Step [12], Loss_D: 0.0596, Loss_G: 0.0831, D(x): 0.9686, D(G(z)): 0.0282
Epoch [25/100], Step [13], Loss_D: 0.0732, Loss_G: 0.0869, D(x): 0.9951, D(G(z)): 0.0683
Epoch [26/100], Step [1], Loss_D: 0.0290, Loss_G: 0.0915, D(x): 0.9924, D(G(z)): 0.0214
Epoch [26/100], Step [2], Loss_D: 0.0313, Loss_G: 0.0946, D(x): 0.9752, D(G(z)): 0.0065
Epoch [26/100], Step [3], Loss_D: 0.0718, Loss_G: 0.0851, D(x): 0.9322, D(G(z)): 0.0040
Epoch [26/100], Step [4], Loss_D: 0.0361, Loss_G: 0.0906, D(x): 0.9695, D(G(z)): 0.0056
Epoch [26/100], Step [5], Loss_D: 0.0383, Loss_G: 0.0957, D(x): 0.9716, D(G(z)): 0.0099
Epoch [26/100], Step [6], Loss_D: 0.0287, Loss_G: 0.0855, D(x): 0.9926, D(G(z)): 0.0213
Epoch [26/100], Step [7], Loss_D: 0.0330, Loss_G: 0.1027, D(x): 0.9992, D(G(z)): 0.0322
Epoch [26/100], Step [8], Loss_D: 0.0664, Loss_G: 0.0899, D(x): 0.9732, D(G(z)): 0.0396
Epoch [26/100], Step [9], Loss_D: 0.0429, Loss_G: 0.0897, D(x): 0.9782, D(G(z)): 0.0210
Epoch [26/100], Step [10], Loss_D: 0.0177, Loss_G: 0.0898, D(x): 0.9916, D(G(z)): 0.0093
Epoch [26/100], Step [11], Loss_D: 0.0206, Loss_G: 0.1020, D(x): 0.9851, D(G(z)): 0.0057
Epoch [26/100], Step [12], Loss_D: 0.0326, Loss_G: 0.0769, D(x): 0.9728, D(G(z)): 0.0054
Epoch [26/100], Step [13], Loss_D: 0.0427, Loss_G: 0.0885, D(x): 0.9639, D(G(z)): 0.0066
Epoch [27/100], Step [1], Loss_D: 0.0286, Loss_G: 0.0827, D(x): 0.9867, D(G(z)): 0.0153
Epoch [27/100], Step [2], Loss_D: 0.0745, Loss_G: 0.0785, D(x): 0.9640, D(G(z)): 0.0384
Epoch [27/100], Step [3], Loss_D: 0.0393, Loss_G: 0.0900, D(x): 0.9909, D(G(z)): 0.0302
Epoch [27/100], Step [4], Loss_D: 0.0507, Loss_G: 0.0788, D(x): 0.9821, D(G(z)): 0.0328
Epoch [27/100], Step [5], Loss_D: 0.0281, Loss_G: 0.0919, D(x): 0.9795, D(G(z)): 0.0077
Epoch [27/100], Step [6], Loss_D: 0.0344, Loss_G: 0.0772, D(x): 0.9693, D(G(z)): 0.0037
Epoch [27/100], Step [7], Loss_D: 0.0254, Loss_G: 0.0878, D(x): 0.9776, D(G(z)): 0.0031
Epoch [27/100], Step [8], Loss_D: 0.0163, Loss_G: 0.0954, D(x): 0.9896, D(G(z)): 0.0058
Epoch [27/100], Step [9], Loss_D: 0.0403, Loss_G: 0.0825, D(x): 0.9740, D(G(z)): 0.0143
Epoch [27/100], Step [10], Loss_D: 0.0408, Loss_G: 0.0801, D(x): 0.9906, D(G(z)): 0.0314
Epoch [27/100], Step [11], Loss_D: 0.0487, Loss_G: 0.0974, D(x): 0.9814, D(G(z)): 0.0301
Epoch [27/100], Step [12], Loss_D: 0.0321, Loss_G: 0.0844, D(x): 0.9949, D(G(z)): 0.0269
Epoch [27/100], Step [13], Loss_D: 0.0464, Loss_G: 0.0903, D(x): 0.9708, D(G(z)): 0.0172
Epoch [28/100], Step [1], Loss_D: 0.0628, Loss_G: 0.0721, D(x): 0.9437, D(G(z)): 0.0065
Epoch [28/100], Step [2], Loss_D: 0.0286, Loss_G: 0.0771, D(x): 0.9790, D(G(z)): 0.0076
Epoch [28/100], Step [3], Loss_D: 0.0405, Loss_G: 0.0796, D(x): 0.9759, D(G(z)): 0.0164
Epoch [28/100], Step [4], Loss_D: 0.0520, Loss_G: 0.0748, D(x): 0.9890, D(G(z)): 0.0410
Epoch [28/100], Step [5], Loss_D: 0.0406, Loss_G: 0.0893, D(x): 0.9860, D(G(z)): 0.0266
Epoch [28/100], Step [6], Loss_D: 0.0215, Loss_G: 0.0953, D(x): 0.9976, D(G(z)): 0.0191
Epoch [28/100], Step [7], Loss_D: 0.0365, Loss_G: 0.0922, D(x): 0.9697, D(G(z)): 0.0063
Epoch [28/100], Step [8], Loss_D: 0.0418, Loss_G: 0.0748, D(x): 0.9644, D(G(z)): 0.0062
Epoch [28/100], Step [9], Loss_D: 0.0284, Loss_G: 0.0738, D(x): 0.9879, D(G(z)): 0.0163
Epoch [28/100], Step [10], Loss_D: 0.0625, Loss_G: 0.0846, D(x): 0.9707, D(G(z)): 0.0332
Epoch [28/100], Step [11], Loss_D: 0.0254, Loss_G: 0.0962, D(x): 0.9986, D(G(z)): 0.0241
Epoch [28/100], Step [12], Loss_D: 0.0136, Loss_G: 0.0930, D(x): 0.9988, D(G(z)): 0.0124
Epoch [28/100], Step [13], Loss_D: 0.0415, Loss_G: 0.0905, D(x): 0.9660, D(G(z)): 0.0075
Epoch [29/100], Step [1], Loss_D: 0.0293, Loss_G: 0.0881, D(x): 0.9773, D(G(z)): 0.0065
Epoch [29/100], Step [2], Loss_D: 0.0446, Loss_G: 0.0862, D(x): 0.9607, D(G(z)): 0.0053
Epoch [29/100], Step [3], Loss_D: 0.0266, Loss_G: 0.0918, D(x): 0.9813, D(G(z)): 0.0079
Epoch [29/100], Step [4], Loss_D: 0.0401, Loss_G: 0.0870, D(x): 0.9737, D(G(z)): 0.0138
Epoch [29/100], Step [5], Loss_D: 0.0319, Loss_G: 0.1015, D(x): 0.9989, D(G(z)): 0.0308
Epoch [29/100], Step [6], Loss_D: 0.0928, Loss_G: 0.0827, D(x): 0.9585, D(G(z)): 0.0513
Epoch [29/100], Step [7], Loss_D: 0.0240, Loss_G: 0.0858, D(x): 0.9989, D(G(z)): 0.0229
Epoch [29/100], Step [8], Loss_D: 0.0285, Loss_G: 0.0988, D(x): 0.9793, D(G(z)): 0.0078
Epoch [29/100], Step [9], Loss_D: 0.0694, Loss_G: 0.0756, D(x): 0.9355, D(G(z)): 0.0049
Epoch [29/100], Step [10], Loss_D: 0.0556, Loss_G: 0.0863, D(x): 0.9599, D(G(z)): 0.0155
Epoch [29/100], Step [11], Loss_D: 0.0490, Loss_G: 0.0907, D(x): 0.9894, D(G(z)): 0.0385
Epoch [29/100], Step [12], Loss_D: 0.0192, Loss_G: 0.0877, D(x): 0.9979, D(G(z)): 0.0171
Epoch [29/100], Step [13], Loss_D: 0.0261, Loss_G: 0.0985, D(x): 0.9838, D(G(z)): 0.0099
Epoch [30/100], Step [1], Loss_D: 0.0299, Loss_G: 0.0906, D(x): 0.9805, D(G(z)): 0.0104
Epoch [30/100], Step [2], Loss_D: 0.0430, Loss_G: 0.0846, D(x): 0.9700, D(G(z)): 0.0130
Epoch [30/100], Step [3], Loss_D: 0.0404, Loss_G: 0.0892, D(x): 0.9761, D(G(z)): 0.0165
Epoch [30/100], Step [4], Loss_D: 0.0432, Loss_G: 0.0838, D(x): 0.9855, D(G(z)): 0.0287
Epoch [30/100], Step [5], Loss_D: 0.0154, Loss_G: 0.1021, D(x): 0.9980, D(G(z)): 0.0135
Epoch [30/100], Step [6], Loss_D: 0.0217, Loss_G: 0.0881, D(x): 0.9905, D(G(z)): 0.0122
Epoch [30/100], Step [7], Loss_D: 0.0427, Loss_G: 0.0827, D(x): 0.9672, D(G(z)): 0.0100
Epoch [30/100], Step [8], Loss_D: 0.0223, Loss_G: 0.0856, D(x): 0.9909, D(G(z)): 0.0131
Epoch [30/100], Step [9], Loss_D: 0.0232, Loss_G: 0.0819, D(x): 0.9929, D(G(z)): 0.0161
Epoch [30/100], Step [10], Loss_D: 0.0262, Loss_G: 0.0845, D(x): 0.9943, D(G(z)): 0.0205
Epoch [30/100], Step [11], Loss_D: 0.0396, Loss_G: 0.0851, D(x): 0.9709, D(G(z)): 0.0105
Epoch [30/100], Step [12], Loss_D: 0.0458, Loss_G: 0.0884, D(x): 0.9681, D(G(z)): 0.0140
Epoch [30/100], Step [13], Loss_D: 0.0171, Loss_G: 0.0892, D(x): 0.9933, D(G(z)): 0.0104
Epoch [31/100], Step [1], Loss_D: 0.0371, Loss_G: 0.0965, D(x): 0.9962, D(G(z)): 0.0333
Epoch [31/100], Step [2], Loss_D: 0.0169, Loss_G: 0.0914, D(x): 0.9913, D(G(z)): 0.0082
Epoch [31/100], Step [3], Loss_D: 0.0574, Loss_G: 0.0914, D(x): 0.9500, D(G(z)): 0.0074
Epoch [31/100], Step [4], Loss_D: 0.0422, Loss_G: 0.0889, D(x): 0.9710, D(G(z)): 0.0132
Epoch [31/100], Step [5], Loss_D: 0.0514, Loss_G: 0.0963, D(x): 0.9767, D(G(z)): 0.0281
Epoch [31/100], Step [6], Loss_D: 0.0381, Loss_G: 0.0931, D(x): 0.9705, D(G(z)): 0.0085
Epoch [31/100], Step [7], Loss_D: 0.0516, Loss_G: 0.0813, D(x): 0.9554, D(G(z)): 0.0069
Epoch [31/100], Step [8], Loss_D: 0.0305, Loss_G: 0.0905, D(x): 0.9941, D(G(z)): 0.0246
Epoch [31/100], Step [9], Loss_D: 0.0428, Loss_G: 0.0801, D(x): 0.9956, D(G(z)): 0.0383
Epoch [31/100], Step [10], Loss_D: 0.0573, Loss_G: 0.0900, D(x): 0.9656, D(G(z)): 0.0229
Epoch [31/100], Step [11], Loss_D: 0.0136, Loss_G: 0.0847, D(x): 0.9948, D(G(z)): 0.0084
Epoch [31/100], Step [12], Loss_D: 0.0343, Loss_G: 0.0948, D(x): 0.9695, D(G(z)): 0.0039
Epoch [31/100], Step [13], Loss_D: 0.0153, Loss_G: 0.0916, D(x): 0.9890, D(G(z)): 0.0043
Epoch [32/100], Step [1], Loss_D: 0.0190, Loss_G: 0.0787, D(x): 0.9909, D(G(z)): 0.0099
Epoch [32/100], Step [2], Loss_D: 0.0380, Loss_G: 0.0872, D(x): 0.9943, D(G(z)): 0.0323
Epoch [32/100], Step [3], Loss_D: 0.0439, Loss_G: 0.1002, D(x): 0.9711, D(G(z)): 0.0150
Epoch [32/100], Step [4], Loss_D: 0.0259, Loss_G: 0.0898, D(x): 0.9846, D(G(z)): 0.0105
Epoch [32/100], Step [5], Loss_D: 0.0281, Loss_G: 0.0846, D(x): 0.9804, D(G(z)): 0.0085
Epoch [32/100], Step [6], Loss_D: 0.0206, Loss_G: 0.0833, D(x): 0.9899, D(G(z)): 0.0106
Epoch [32/100], Step [7], Loss_D: 0.0156, Loss_G: 0.0840, D(x): 0.9965, D(G(z)): 0.0121
Epoch [32/100], Step [8], Loss_D: 0.0218, Loss_G: 0.0904, D(x): 0.9950, D(G(z)): 0.0168
Epoch [32/100], Step [9], Loss_D: 0.0312, Loss_G: 0.0784, D(x): 0.9841, D(G(z)): 0.0153
Epoch [32/100], Step [10], Loss_D: 0.0197, Loss_G: 0.0938, D(x): 0.9952, D(G(z)): 0.0149
Epoch [32/100], Step [11], Loss_D: 0.0255, Loss_G: 0.0828, D(x): 0.9922, D(G(z)): 0.0178
Epoch [32/100], Step [12], Loss_D: 0.0321, Loss_G: 0.0906, D(x): 0.9764, D(G(z)): 0.0085
Epoch [32/100], Step [13], Loss_D: 0.0431, Loss_G: 0.0797, D(x): 0.9684, D(G(z)): 0.0114
Epoch [33/100], Step [1], Loss_D: 0.0318, Loss_G: 0.0848, D(x): 0.9753, D(G(z)): 0.0071
Epoch [33/100], Step [2], Loss_D: 0.0112, Loss_G: 0.0972, D(x): 0.9969, D(G(z)): 0.0081
Epoch [33/100], Step [3], Loss_D: 0.0124, Loss_G: 0.0937, D(x): 0.9973, D(G(z)): 0.0098
Epoch [33/100], Step [4], Loss_D: 0.0267, Loss_G: 0.0812, D(x): 0.9861, D(G(z)): 0.0128
Epoch [33/100], Step [5], Loss_D: 0.0515, Loss_G: 0.0904, D(x): 0.9648, D(G(z)): 0.0163
Epoch [33/100], Step [6], Loss_D: 0.0316, Loss_G: 0.0891, D(x): 0.9833, D(G(z)): 0.0149
Epoch [33/100], Step [7], Loss_D: 0.0520, Loss_G: 0.0867, D(x): 0.9674, D(G(z)): 0.0193
Epoch [33/100], Step [8], Loss_D: 0.0282, Loss_G: 0.0958, D(x): 0.9878, D(G(z)): 0.0159
Epoch [33/100], Step [9], Loss_D: 0.0221, Loss_G: 0.0842, D(x): 0.9971, D(G(z)): 0.0193
Epoch [33/100], Step [10], Loss_D: 0.0330, Loss_G: 0.0849, D(x): 0.9738, D(G(z)): 0.0068
Epoch [33/100], Step [11], Loss_D: 0.0283, Loss_G: 0.0914, D(x): 0.9776, D(G(z)): 0.0060
Epoch [33/100], Step [12], Loss_D: 0.0118, Loss_G: 0.0872, D(x): 0.9954, D(G(z)): 0.0073
Epoch [33/100], Step [13], Loss_D: 0.0177, Loss_G: 0.0851, D(x): 0.9930, D(G(z)): 0.0107
Epoch [34/100], Step [1], Loss_D: 0.0432, Loss_G: 0.0834, D(x): 0.9743, D(G(z)): 0.0175
Epoch [34/100], Step [2], Loss_D: 0.0328, Loss_G: 0.0821, D(x): 0.9982, D(G(z)): 0.0310
Epoch [34/100], Step [3], Loss_D: 0.0231, Loss_G: 0.0994, D(x): 0.9834, D(G(z)): 0.0065
Epoch [34/100], Step [4], Loss_D: 0.0531, Loss_G: 0.0844, D(x): 0.9498, D(G(z)): 0.0028
Epoch [34/100], Step [5], Loss_D: 0.0189, Loss_G: 0.0960, D(x): 0.9920, D(G(z)): 0.0109
Epoch [34/100], Step [6], Loss_D: 0.0408, Loss_G: 0.0895, D(x): 0.9945, D(G(z)): 0.0352
Epoch [34/100], Step [7], Loss_D: 0.0522, Loss_G: 0.0838, D(x): 0.9573, D(G(z)): 0.0095
Epoch [34/100], Step [8], Loss_D: 0.0175, Loss_G: 0.0917, D(x): 0.9903, D(G(z)): 0.0078
Epoch [34/100], Step [9], Loss_D: 0.0128, Loss_G: 0.0860, D(x): 0.9969, D(G(z)): 0.0097
Epoch [34/100], Step [10], Loss_D: 0.0597, Loss_G: 0.0744, D(x): 0.9791, D(G(z)): 0.0388
Epoch [34/100], Step [11], Loss_D: 0.0287, Loss_G: 0.0937, D(x): 0.9827, D(G(z)): 0.0114
Epoch [34/100], Step [12], Loss_D: 0.0474, Loss_G: 0.0913, D(x): 0.9688, D(G(z)): 0.0163
Epoch [34/100], Step [13], Loss_D: 0.0430, Loss_G: 0.0858, D(x): 0.9801, D(G(z)): 0.0230
Epoch [35/100], Step [1], Loss_D: 0.0203, Loss_G: 0.0842, D(x): 0.9835, D(G(z)): 0.0038
Epoch [35/100], Step [2], Loss_D: 0.0816, Loss_G: 0.0924, D(x): 0.9206, D(G(z)): 0.0022
Epoch [35/100], Step [3], Loss_D: 0.0301, Loss_G: 0.0859, D(x): 0.9826, D(G(z)): 0.0128
Epoch [35/100], Step [4], Loss_D: 0.0839, Loss_G: 0.0935, D(x): 0.9993, D(G(z)): 0.0832
Epoch [35/100], Step [5], Loss_D: 0.0665, Loss_G: 0.0876, D(x): 0.9505, D(G(z)): 0.0170
Epoch [35/100], Step [6], Loss_D: 0.0256, Loss_G: 0.0949, D(x): 0.9862, D(G(z)): 0.0117
Epoch [35/100], Step [7], Loss_D: 0.0665, Loss_G: 0.0888, D(x): 0.9555, D(G(z)): 0.0220
Epoch [35/100], Step [8], Loss_D: 0.0781, Loss_G: 0.0886, D(x): 0.9350, D(G(z)): 0.0131
Epoch [35/100], Step [9], Loss_D: 0.0610, Loss_G: 0.0891, D(x): 0.9515, D(G(z)): 0.0125
Epoch [35/100], Step [10], Loss_D: 0.0448, Loss_G: 0.0860, D(x): 0.9597, D(G(z)): 0.0045
Epoch [35/100], Step [11], Loss_D: 0.0192, Loss_G: 0.0829, D(x): 0.9936, D(G(z)): 0.0128
Epoch [35/100], Step [12], Loss_D: 0.0599, Loss_G: 0.0865, D(x): 0.9943, D(G(z)): 0.0542
Epoch [35/100], Step [13], Loss_D: 0.0433, Loss_G: 0.0859, D(x): 0.9687, D(G(z)): 0.0120
Epoch [36/100], Step [1], Loss_D: 0.0151, Loss_G: 0.0870, D(x): 0.9967, D(G(z)): 0.0118
Epoch [36/100], Step [2], Loss_D: 0.0314, Loss_G: 0.1042, D(x): 0.9811, D(G(z)): 0.0125
Epoch [36/100], Step [3], Loss_D: 0.0184, Loss_G: 0.0767, D(x): 0.9925, D(G(z)): 0.0109
Epoch [36/100], Step [4], Loss_D: 0.0497, Loss_G: 0.0805, D(x): 0.9604, D(G(z)): 0.0101
Epoch [36/100], Step [5], Loss_D: 0.0177, Loss_G: 0.0966, D(x): 0.9933, D(G(z)): 0.0110
Epoch [36/100], Step [6], Loss_D: 0.0377, Loss_G: 0.0845, D(x): 0.9734, D(G(z)): 0.0111
Epoch [36/100], Step [7], Loss_D: 0.0263, Loss_G: 0.0830, D(x): 0.9976, D(G(z)): 0.0239
Epoch [36/100], Step [8], Loss_D: 0.0264, Loss_G: 0.0957, D(x): 0.9977, D(G(z)): 0.0240
Epoch [36/100], Step [9], Loss_D: 0.0331, Loss_G: 0.0875, D(x): 0.9712, D(G(z)): 0.0043
Epoch [36/100], Step [10], Loss_D: 0.0165, Loss_G: 0.0932, D(x): 0.9853, D(G(z)): 0.0018
Epoch [36/100], Step [11], Loss_D: 0.0172, Loss_G: 0.0897, D(x): 0.9859, D(G(z)): 0.0031
Epoch [36/100], Step [12], Loss_D: 0.0300, Loss_G: 0.0847, D(x): 0.9773, D(G(z)): 0.0073
Epoch [36/100], Step [13], Loss_D: 0.0524, Loss_G: 0.0807, D(x): 0.9707, D(G(z)): 0.0231
Epoch [37/100], Step [1], Loss_D: 0.0487, Loss_G: 0.0856, D(x): 0.9973, D(G(z)): 0.0460
Epoch [37/100], Step [2], Loss_D: 0.0355, Loss_G: 0.0911, D(x): 0.9709, D(G(z)): 0.0065
Epoch [37/100], Step [3], Loss_D: 0.0540, Loss_G: 0.0939, D(x): 0.9582, D(G(z)): 0.0122
Epoch [37/100], Step [4], Loss_D: 0.0150, Loss_G: 0.0850, D(x): 0.9948, D(G(z)): 0.0098
Epoch [37/100], Step [5], Loss_D: 0.0248, Loss_G: 0.0825, D(x): 0.9980, D(G(z)): 0.0228
Epoch [37/100], Step [6], Loss_D: 0.0382, Loss_G: 0.0860, D(x): 0.9820, D(G(z)): 0.0203
Epoch [37/100], Step [7], Loss_D: 0.0105, Loss_G: 0.0949, D(x): 0.9969, D(G(z)): 0.0074
Epoch [37/100], Step [8], Loss_D: 0.0249, Loss_G: 0.0889, D(x): 0.9786, D(G(z)): 0.0034
Epoch [37/100], Step [9], Loss_D: 0.0192, Loss_G: 0.0814, D(x): 0.9848, D(G(z)): 0.0041
Epoch [37/100], Step [10], Loss_D: 0.0265, Loss_G: 0.0861, D(x): 0.9823, D(G(z)): 0.0088
Epoch [37/100], Step [11], Loss_D: 0.0591, Loss_G: 0.0892, D(x): 0.9773, D(G(z)): 0.0364
Epoch [37/100], Step [12], Loss_D: 0.0298, Loss_G: 0.0794, D(x): 0.9982, D(G(z)): 0.0280
Epoch [37/100], Step [13], Loss_D: 0.0101, Loss_G: 0.1109, D(x): 0.9940, D(G(z)): 0.0041
Epoch [38/100], Step [1], Loss_D: 0.0710, Loss_G: 0.0917, D(x): 0.9328, D(G(z)): 0.0038
Epoch [38/100], Step [2], Loss_D: 0.0542, Loss_G: 0.0869, D(x): 0.9642, D(G(z)): 0.0184
Epoch [38/100], Step [3], Loss_D: 0.0486, Loss_G: 0.0979, D(x): 0.9996, D(G(z)): 0.0482
Epoch [38/100], Step [4], Loss_D: 0.0502, Loss_G: 0.0888, D(x): 0.9727, D(G(z)): 0.0229
Epoch [38/100], Step [5], Loss_D: 0.0129, Loss_G: 0.1032, D(x): 0.9956, D(G(z)): 0.0085
Epoch [38/100], Step [6], Loss_D: 0.0432, Loss_G: 0.0845, D(x): 0.9600, D(G(z)): 0.0032
Epoch [38/100], Step [7], Loss_D: 0.0214, Loss_G: 0.0847, D(x): 0.9846, D(G(z)): 0.0060
Epoch [38/100], Step [8], Loss_D: 0.0184, Loss_G: 0.0924, D(x): 0.9975, D(G(z)): 0.0160
Epoch [38/100], Step [9], Loss_D: 0.0467, Loss_G: 0.0907, D(x): 0.9855, D(G(z)): 0.0322
Epoch [38/100], Step [10], Loss_D: 0.0382, Loss_G: 0.0838, D(x): 0.9876, D(G(z)): 0.0258
Epoch [38/100], Step [11], Loss_D: 0.0207, Loss_G: 0.0854, D(x): 0.9859, D(G(z)): 0.0066
Epoch [38/100], Step [12], Loss_D: 0.0468, Loss_G: 0.0848, D(x): 0.9567, D(G(z)): 0.0036
Epoch [38/100], Step [13], Loss_D: 0.0309, Loss_G: 0.0910, D(x): 0.9745, D(G(z)): 0.0054
Epoch [39/100], Step [1], Loss_D: 0.0420, Loss_G: 0.0858, D(x): 0.9909, D(G(z)): 0.0329
Epoch [39/100], Step [2], Loss_D: 0.0346, Loss_G: 0.0896, D(x): 0.9979, D(G(z)): 0.0325
Epoch [39/100], Step [3], Loss_D: 0.0163, Loss_G: 0.0876, D(x): 0.9908, D(G(z)): 0.0071
Epoch [39/100], Step [4], Loss_D: 0.0821, Loss_G: 0.0964, D(x): 0.9198, D(G(z)): 0.0018
Epoch [39/100], Step [5], Loss_D: 0.0201, Loss_G: 0.0840, D(x): 0.9838, D(G(z)): 0.0038
Epoch [39/100], Step [6], Loss_D: 0.0192, Loss_G: 0.0927, D(x): 0.9947, D(G(z)): 0.0139
Epoch [39/100], Step [7], Loss_D: 0.0520, Loss_G: 0.0879, D(x): 0.9992, D(G(z)): 0.0512
Epoch [39/100], Step [8], Loss_D: 0.0260, Loss_G: 0.0903, D(x): 0.9804, D(G(z)): 0.0064
Epoch [39/100], Step [9], Loss_D: 0.0163, Loss_G: 0.0965, D(x): 0.9863, D(G(z)): 0.0026
Epoch [39/100], Step [10], Loss_D: 0.0367, Loss_G: 0.0728, D(x): 0.9644, D(G(z)): 0.0011
Epoch [39/100], Step [11], Loss_D: 0.0073, Loss_G: 0.0857, D(x): 0.9961, D(G(z)): 0.0034
Epoch [39/100], Step [12], Loss_D: 0.0321, Loss_G: 0.0940, D(x): 0.9796, D(G(z)): 0.0118
Epoch [39/100], Step [13], Loss_D: 0.0562, Loss_G: 0.0918, D(x): 0.9977, D(G(z)): 0.0539
Epoch [40/100], Step [1], Loss_D: 0.0396, Loss_G: 0.0831, D(x): 0.9648, D(G(z)): 0.0044
Epoch [40/100], Step [2], Loss_D: 0.0166, Loss_G: 0.0817, D(x): 0.9890, D(G(z)): 0.0057
Epoch [40/100], Step [3], Loss_D: 0.1315, Loss_G: 0.0803, D(x): 0.8837, D(G(z)): 0.0152
Epoch [40/100], Step [4], Loss_D: 0.0748, Loss_G: 0.0922, D(x): 0.9990, D(G(z)): 0.0738
Epoch [40/100], Step [5], Loss_D: 0.1539, Loss_G: 0.0848, D(x): 0.9987, D(G(z)): 0.1526
Epoch [40/100], Step [6], Loss_D: 0.2174, Loss_G: 0.0842, D(x): 0.7828, D(G(z)): 0.0001
Epoch [40/100], Step [7], Loss_D: 0.4795, Loss_G: 0.0769, D(x): 0.5205, D(G(z)): 0.0000
Epoch [40/100], Step [8], Loss_D: 0.2819, Loss_G: 0.0829, D(x): 0.7182, D(G(z)): 0.0001
Epoch [40/100], Step [9], Loss_D: 0.0873, Loss_G: 0.0849, D(x): 0.9701, D(G(z)): 0.0574
Epoch [40/100], Step [10], Loss_D: 0.7485, Loss_G: 0.0809, D(x): 0.9999, D(G(z)): 0.7483
Epoch [40/100], Step [11], Loss_D: 0.6475, Loss_G: 0.0832, D(x): 0.9986, D(G(z)): 0.6461
Epoch [40/100], Step [12], Loss_D: 0.0092, Loss_G: 0.0888, D(x): 0.9967, D(G(z)): 0.0059
Epoch [40/100], Step [13], Loss_D: 0.1823, Loss_G: 0.0867, D(x): 0.8177, D(G(z)): 0.0001
Epoch [41/100], Step [1], Loss_D: 0.3284, Loss_G: 0.0883, D(x): 0.6716, D(G(z)): 0.0000
Epoch [41/100], Step [2], Loss_D: 0.2248, Loss_G: 0.0866, D(x): 0.7753, D(G(z)): 0.0001
Epoch [41/100], Step [3], Loss_D: 0.0576, Loss_G: 0.0813, D(x): 0.9456, D(G(z)): 0.0032
Epoch [41/100], Step [4], Loss_D: 0.1229, Loss_G: 0.0867, D(x): 0.9996, D(G(z)): 0.1224
Epoch [41/100], Step [5], Loss_D: 0.1993, Loss_G: 0.0808, D(x): 0.9842, D(G(z)): 0.1835
Epoch [41/100], Step [6], Loss_D: 0.0380, Loss_G: 0.0971, D(x): 0.9765, D(G(z)): 0.0145
Epoch [41/100], Step [7], Loss_D: 0.0155, Loss_G: 0.0880, D(x): 0.9852, D(G(z)): 0.0007
Epoch [41/100], Step [8], Loss_D: 0.1696, Loss_G: 0.0880, D(x): 0.8305, D(G(z)): 0.0001
Epoch [41/100], Step [9], Loss_D: 0.0607, Loss_G: 0.0884, D(x): 0.9393, D(G(z)): 0.0001
Epoch [41/100], Step [10], Loss_D: 0.0560, Loss_G: 0.0872, D(x): 0.9441, D(G(z)): 0.0001
Epoch [41/100], Step [11], Loss_D: 0.0579, Loss_G: 0.0891, D(x): 0.9423, D(G(z)): 0.0002
Epoch [41/100], Step [12], Loss_D: 0.0187, Loss_G: 0.0935, D(x): 0.9819, D(G(z)): 0.0006
Epoch [41/100], Step [13], Loss_D: 0.0456, Loss_G: 0.0742, D(x): 0.9585, D(G(z)): 0.0041
Epoch [42/100], Step [1], Loss_D: 0.0198, Loss_G: 0.0909, D(x): 0.9995, D(G(z)): 0.0193
Epoch [42/100], Step [2], Loss_D: 0.1108, Loss_G: 0.0840, D(x): 0.9933, D(G(z)): 0.1041
Epoch [42/100], Step [3], Loss_D: 0.0645, Loss_G: 0.0887, D(x): 0.9803, D(G(z)): 0.0448
Epoch [42/100], Step [4], Loss_D: 0.0366, Loss_G: 0.0845, D(x): 0.9715, D(G(z)): 0.0081
Epoch [42/100], Step [5], Loss_D: 0.0437, Loss_G: 0.0870, D(x): 0.9580, D(G(z)): 0.0017
Epoch [42/100], Step [6], Loss_D: 0.0324, Loss_G: 0.0932, D(x): 0.9685, D(G(z)): 0.0009
Epoch [42/100], Step [7], Loss_D: 0.0397, Loss_G: 0.0949, D(x): 0.9611, D(G(z)): 0.0008
Epoch [42/100], Step [8], Loss_D: 0.0086, Loss_G: 0.1066, D(x): 0.9918, D(G(z)): 0.0005
Epoch [42/100], Step [9], Loss_D: 0.0258, Loss_G: 0.0786, D(x): 0.9752, D(G(z)): 0.0010
Epoch [42/100], Step [10], Loss_D: 0.0125, Loss_G: 0.0836, D(x): 0.9899, D(G(z)): 0.0024
Epoch [42/100], Step [11], Loss_D: 0.0355, Loss_G: 0.0843, D(x): 0.9824, D(G(z)): 0.0178
Epoch [42/100], Step [12], Loss_D: 0.0532, Loss_G: 0.0835, D(x): 0.9521, D(G(z)): 0.0054
Epoch [42/100], Step [13], Loss_D: 0.0306, Loss_G: 0.1020, D(x): 0.9769, D(G(z)): 0.0075
Epoch [43/100], Step [1], Loss_D: 0.0203, Loss_G: 0.0891, D(x): 0.9888, D(G(z)): 0.0091
Epoch [43/100], Step [2], Loss_D: 0.0356, Loss_G: 0.0864, D(x): 0.9690, D(G(z)): 0.0046
Epoch [43/100], Step [3], Loss_D: 0.0361, Loss_G: 0.0873, D(x): 0.9752, D(G(z)): 0.0113
Epoch [43/100], Step [4], Loss_D: 0.0304, Loss_G: 0.0951, D(x): 0.9852, D(G(z)): 0.0156
Epoch [43/100], Step [5], Loss_D: 0.0339, Loss_G: 0.0859, D(x): 0.9778, D(G(z)): 0.0117
Epoch [43/100], Step [6], Loss_D: 0.0236, Loss_G: 0.0818, D(x): 0.9899, D(G(z)): 0.0135
Epoch [43/100], Step [7], Loss_D: 0.0168, Loss_G: 0.0955, D(x): 0.9989, D(G(z)): 0.0157
Epoch [43/100], Step [8], Loss_D: 0.0156, Loss_G: 0.0936, D(x): 0.9990, D(G(z)): 0.0146
Epoch [43/100], Step [9], Loss_D: 0.0241, Loss_G: 0.0861, D(x): 0.9904, D(G(z)): 0.0145
Epoch [43/100], Step [10], Loss_D: 0.0217, Loss_G: 0.0865, D(x): 0.9879, D(G(z)): 0.0096
Epoch [43/100], Step [11], Loss_D: 0.0035, Loss_G: 0.0866, D(x): 1.0000, D(G(z)): 0.0035
Epoch [43/100], Step [12], Loss_D: 0.0100, Loss_G: 0.0946, D(x): 0.9957, D(G(z)): 0.0057
Epoch [43/100], Step [13], Loss_D: 0.0100, Loss_G: 0.0917, D(x): 0.9934, D(G(z)): 0.0034
Epoch [44/100], Step [1], Loss_D: 0.0096, Loss_G: 0.0874, D(x): 0.9948, D(G(z)): 0.0044
Epoch [44/100], Step [2], Loss_D: 0.0073, Loss_G: 0.0964, D(x): 0.9970, D(G(z)): 0.0043
Epoch [44/100], Step [3], Loss_D: 0.0140, Loss_G: 0.0898, D(x): 0.9986, D(G(z)): 0.0126
Epoch [44/100], Step [4], Loss_D: 0.0217, Loss_G: 0.0835, D(x): 0.9994, D(G(z)): 0.0211
Epoch [44/100], Step [5], Loss_D: 0.0111, Loss_G: 0.0981, D(x): 0.9941, D(G(z)): 0.0052
Epoch [44/100], Step [6], Loss_D: 0.0021, Loss_G: 0.0903, D(x): 0.9993, D(G(z)): 0.0014
Epoch [44/100], Step [7], Loss_D: 0.0114, Loss_G: 0.0899, D(x): 0.9900, D(G(z)): 0.0014
Epoch [44/100], Step [8], Loss_D: 0.0043, Loss_G: 0.0853, D(x): 0.9966, D(G(z)): 0.0009
Epoch [44/100], Step [9], Loss_D: 0.0149, Loss_G: 0.0886, D(x): 0.9861, D(G(z)): 0.0010
Epoch [44/100], Step [10], Loss_D: 0.0428, Loss_G: 0.0895, D(x): 0.9604, D(G(z)): 0.0033
Epoch [44/100], Step [11], Loss_D: 0.0108, Loss_G: 0.0874, D(x): 0.9917, D(G(z)): 0.0024
Epoch [44/100], Step [12], Loss_D: 0.0202, Loss_G: 0.0918, D(x): 0.9838, D(G(z)): 0.0040
Epoch [44/100], Step [13], Loss_D: 0.0250, Loss_G: 0.0905, D(x): 0.9879, D(G(z)): 0.0128
Epoch [45/100], Step [1], Loss_D: 0.0306, Loss_G: 0.0935, D(x): 0.9849, D(G(z)): 0.0154
Epoch [45/100], Step [2], Loss_D: 0.0213, Loss_G: 0.0905, D(x): 0.9997, D(G(z)): 0.0210
Epoch [45/100], Step [3], Loss_D: 0.0058, Loss_G: 0.0875, D(x): 0.9999, D(G(z)): 0.0057
Epoch [45/100], Step [4], Loss_D: 0.0172, Loss_G: 0.0779, D(x): 0.9893, D(G(z)): 0.0065
Epoch [45/100], Step [5], Loss_D: 0.0057, Loss_G: 0.0991, D(x): 0.9992, D(G(z)): 0.0049
Epoch [45/100], Step [6], Loss_D: 0.0197, Loss_G: 0.0804, D(x): 0.9836, D(G(z)): 0.0032
Epoch [45/100], Step [7], Loss_D: 0.0051, Loss_G: 0.0843, D(x): 0.9982, D(G(z)): 0.0033
Epoch [45/100], Step [8], Loss_D: 0.0093, Loss_G: 0.0906, D(x): 0.9976, D(G(z)): 0.0068
Epoch [45/100], Step [9], Loss_D: 0.0056, Loss_G: 0.0943, D(x): 0.9971, D(G(z)): 0.0026
Epoch [45/100], Step [10], Loss_D: 0.0347, Loss_G: 0.0917, D(x): 0.9670, D(G(z)): 0.0017
Epoch [45/100], Step [11], Loss_D: 0.0076, Loss_G: 0.0974, D(x): 0.9939, D(G(z)): 0.0016
Epoch [45/100], Step [12], Loss_D: 0.0190, Loss_G: 0.0878, D(x): 0.9828, D(G(z)): 0.0018
Epoch [45/100], Step [13], Loss_D: 0.0434, Loss_G: 0.0773, D(x): 0.9617, D(G(z)): 0.0051
Epoch [46/100], Step [1], Loss_D: 0.0221, Loss_G: 0.0822, D(x): 0.9851, D(G(z)): 0.0072
Epoch [46/100], Step [2], Loss_D: 0.0321, Loss_G: 0.0812, D(x): 0.9955, D(G(z)): 0.0275
Epoch [46/100], Step [3], Loss_D: 0.0422, Loss_G: 0.0806, D(x): 0.9972, D(G(z)): 0.0393
Epoch [46/100], Step [4], Loss_D: 0.0196, Loss_G: 0.0913, D(x): 0.9972, D(G(z)): 0.0168
Epoch [46/100], Step [5], Loss_D: 0.0200, Loss_G: 0.0864, D(x): 0.9851, D(G(z)): 0.0051
Epoch [46/100], Step [6], Loss_D: 0.0401, Loss_G: 0.0920, D(x): 0.9620, D(G(z)): 0.0021
Epoch [46/100], Step [7], Loss_D: 0.0102, Loss_G: 0.0908, D(x): 0.9915, D(G(z)): 0.0017
Epoch [46/100], Step [8], Loss_D: 0.0219, Loss_G: 0.0911, D(x): 0.9798, D(G(z)): 0.0018
Epoch [46/100], Step [9], Loss_D: 0.0456, Loss_G: 0.0905, D(x): 0.9566, D(G(z)): 0.0022
Epoch [46/100], Step [10], Loss_D: 0.0639, Loss_G: 0.0847, D(x): 0.9396, D(G(z)): 0.0035
Epoch [46/100], Step [11], Loss_D: 0.0303, Loss_G: 0.0937, D(x): 0.9807, D(G(z)): 0.0111
Epoch [46/100], Step [12], Loss_D: 0.0237, Loss_G: 0.0983, D(x): 0.9997, D(G(z)): 0.0233
Epoch [46/100], Step [13], Loss_D: 0.0372, Loss_G: 0.1029, D(x): 0.9999, D(G(z)): 0.0371
Epoch [47/100], Step [1], Loss_D: 0.0637, Loss_G: 0.0893, D(x): 0.9851, D(G(z)): 0.0488
Epoch [47/100], Step [2], Loss_D: 0.0102, Loss_G: 0.0802, D(x): 0.9932, D(G(z)): 0.0034
Epoch [47/100], Step [3], Loss_D: 0.0119, Loss_G: 0.0813, D(x): 0.9889, D(G(z)): 0.0008
Epoch [47/100], Step [4], Loss_D: 0.0275, Loss_G: 0.1023, D(x): 0.9732, D(G(z)): 0.0007
Epoch [47/100], Step [5], Loss_D: 0.0303, Loss_G: 0.0871, D(x): 0.9701, D(G(z)): 0.0004
Epoch [47/100], Step [6], Loss_D: 0.0414, Loss_G: 0.1017, D(x): 0.9591, D(G(z)): 0.0005
Epoch [47/100], Step [7], Loss_D: 0.0595, Loss_G: 0.0920, D(x): 0.9419, D(G(z)): 0.0014
Epoch [47/100], Step [8], Loss_D: 0.0101, Loss_G: 0.0953, D(x): 0.9951, D(G(z)): 0.0052
Epoch [47/100], Step [9], Loss_D: 0.0390, Loss_G: 0.0964, D(x): 0.9815, D(G(z)): 0.0205
Epoch [47/100], Step [10], Loss_D: 0.0392, Loss_G: 0.0843, D(x): 0.9950, D(G(z)): 0.0342
Epoch [47/100], Step [11], Loss_D: 0.0317, Loss_G: 0.0911, D(x): 0.9997, D(G(z)): 0.0314
Epoch [47/100], Step [12], Loss_D: 0.0237, Loss_G: 0.0818, D(x): 0.9982, D(G(z)): 0.0219
Epoch [47/100], Step [13], Loss_D: 0.0107, Loss_G: 0.0873, D(x): 0.9935, D(G(z)): 0.0042
Epoch [48/100], Step [1], Loss_D: 0.0278, Loss_G: 0.0815, D(x): 0.9731, D(G(z)): 0.0009
Epoch [48/100], Step [2], Loss_D: 0.0433, Loss_G: 0.0834, D(x): 0.9581, D(G(z)): 0.0014
Epoch [48/100], Step [3], Loss_D: 0.0340, Loss_G: 0.0909, D(x): 0.9688, D(G(z)): 0.0027
Epoch [48/100], Step [4], Loss_D: 0.0117, Loss_G: 0.0914, D(x): 0.9971, D(G(z)): 0.0088
Epoch [48/100], Step [5], Loss_D: 0.0305, Loss_G: 0.0890, D(x): 0.9785, D(G(z)): 0.0090
Epoch [48/100], Step [6], Loss_D: 0.0268, Loss_G: 0.0943, D(x): 0.9992, D(G(z)): 0.0260
Epoch [48/100], Step [7], Loss_D: 0.0268, Loss_G: 0.0889, D(x): 0.9844, D(G(z)): 0.0113
Epoch [48/100], Step [8], Loss_D: 0.0166, Loss_G: 0.0745, D(x): 0.9918, D(G(z)): 0.0084
Epoch [48/100], Step [9], Loss_D: 0.0288, Loss_G: 0.0821, D(x): 0.9790, D(G(z)): 0.0078
Epoch [48/100], Step [10], Loss_D: 0.0297, Loss_G: 0.0793, D(x): 0.9798, D(G(z)): 0.0095
Epoch [48/100], Step [11], Loss_D: 0.0231, Loss_G: 0.0915, D(x): 0.9854, D(G(z)): 0.0085
Epoch [48/100], Step [12], Loss_D: 0.0250, Loss_G: 0.0832, D(x): 0.9813, D(G(z)): 0.0063
Epoch [48/100], Step [13], Loss_D: 0.0598, Loss_G: 0.0721, D(x): 0.9517, D(G(z)): 0.0115
Epoch [49/100], Step [1], Loss_D: 0.0093, Loss_G: 0.0965, D(x): 0.9992, D(G(z)): 0.0085
Epoch [49/100], Step [2], Loss_D: 0.0175, Loss_G: 0.0907, D(x): 0.9949, D(G(z)): 0.0123
Epoch [49/100], Step [3], Loss_D: 0.0182, Loss_G: 0.0936, D(x): 0.9997, D(G(z)): 0.0180
Epoch [49/100], Step [4], Loss_D: 0.0116, Loss_G: 0.0921, D(x): 0.9964, D(G(z)): 0.0080
Epoch [49/100], Step [5], Loss_D: 0.0216, Loss_G: 0.0844, D(x): 0.9962, D(G(z)): 0.0178
Epoch [49/100], Step [6], Loss_D: 0.0062, Loss_G: 0.0854, D(x): 0.9973, D(G(z)): 0.0035
Epoch [49/100], Step [7], Loss_D: 0.0036, Loss_G: 0.0877, D(x): 0.9986, D(G(z)): 0.0022
Epoch [49/100], Step [8], Loss_D: 0.0148, Loss_G: 0.0864, D(x): 0.9869, D(G(z)): 0.0017
Epoch [49/100], Step [9], Loss_D: 0.0118, Loss_G: 0.0792, D(x): 0.9895, D(G(z)): 0.0013
Epoch [49/100], Step [10], Loss_D: 0.0299, Loss_G: 0.0826, D(x): 0.9717, D(G(z)): 0.0016
Epoch [49/100], Step [11], Loss_D: 0.0253, Loss_G: 0.0860, D(x): 0.9787, D(G(z)): 0.0040
Epoch [49/100], Step [12], Loss_D: 0.0086, Loss_G: 0.0853, D(x): 0.9993, D(G(z)): 0.0078
Epoch [49/100], Step [13], Loss_D: 0.0182, Loss_G: 0.0918, D(x): 0.9999, D(G(z)): 0.0182
Epoch [50/100], Step [1], Loss_D: 0.0215, Loss_G: 0.1032, D(x): 0.9936, D(G(z)): 0.0151
Epoch [50/100], Step [2], Loss_D: 0.0231, Loss_G: 0.0853, D(x): 0.9967, D(G(z)): 0.0198
Epoch [50/100], Step [3], Loss_D: 0.0079, Loss_G: 0.0937, D(x): 0.9989, D(G(z)): 0.0068
Epoch [50/100], Step [4], Loss_D: 0.0030, Loss_G: 0.0977, D(x): 0.9999, D(G(z)): 0.0029
Epoch [50/100], Step [5], Loss_D: 0.0234, Loss_G: 0.0885, D(x): 0.9783, D(G(z)): 0.0017
Epoch [50/100], Step [6], Loss_D: 0.0346, Loss_G: 0.0834, D(x): 0.9670, D(G(z)): 0.0016
Epoch [50/100], Step [7], Loss_D: 0.0091, Loss_G: 0.0851, D(x): 0.9924, D(G(z)): 0.0014
Epoch [50/100], Step [8], Loss_D: 0.0160, Loss_G: 0.0778, D(x): 0.9872, D(G(z)): 0.0032
Epoch [50/100], Step [9], Loss_D: 0.0040, Loss_G: 0.0932, D(x): 0.9995, D(G(z)): 0.0035
Epoch [50/100], Step [10], Loss_D: 0.0315, Loss_G: 0.0910, D(x): 0.9821, D(G(z)): 0.0137
Epoch [50/100], Step [11], Loss_D: 0.0200, Loss_G: 0.0819, D(x): 0.9995, D(G(z)): 0.0195
Epoch [50/100], Step [12], Loss_D: 0.0272, Loss_G: 0.0771, D(x): 0.9979, D(G(z)): 0.0251
Epoch [50/100], Step [13], Loss_D: 0.0102, Loss_G: 0.0961, D(x): 0.9999, D(G(z)): 0.0102
Epoch [51/100], Step [1], Loss_D: 0.0189, Loss_G: 0.0784, D(x): 0.9888, D(G(z)): 0.0076
Epoch [51/100], Step [2], Loss_D: 0.0029, Loss_G: 0.0935, D(x): 1.0000, D(G(z)): 0.0028
Epoch [51/100], Step [3], Loss_D: 0.0050, Loss_G: 0.0955, D(x): 0.9987, D(G(z)): 0.0036
Epoch [51/100], Step [4], Loss_D: 0.0544, Loss_G: 0.0832, D(x): 0.9471, D(G(z)): 0.0015
Epoch [51/100], Step [5], Loss_D: 0.0116, Loss_G: 0.0893, D(x): 0.9902, D(G(z)): 0.0018
Epoch [51/100], Step [6], Loss_D: 0.0300, Loss_G: 0.0846, D(x): 0.9763, D(G(z)): 0.0063
Epoch [51/100], Step [7], Loss_D: 0.0189, Loss_G: 0.0849, D(x): 0.9909, D(G(z)): 0.0098
Epoch [51/100], Step [8], Loss_D: 0.0230, Loss_G: 0.0837, D(x): 0.9972, D(G(z)): 0.0201
Epoch [51/100], Step [9], Loss_D: 0.0426, Loss_G: 0.0901, D(x): 0.9721, D(G(z)): 0.0147
Epoch [51/100], Step [10], Loss_D: 0.0116, Loss_G: 0.0965, D(x): 0.9994, D(G(z)): 0.0110
Epoch [51/100], Step [11], Loss_D: 0.0236, Loss_G: 0.0883, D(x): 0.9854, D(G(z)): 0.0090
Epoch [51/100], Step [12], Loss_D: 0.0146, Loss_G: 0.0815, D(x): 0.9932, D(G(z)): 0.0078
Epoch [51/100], Step [13], Loss_D: 0.0059, Loss_G: 0.0912, D(x): 0.9998, D(G(z)): 0.0057
Epoch [52/100], Step [1], Loss_D: 0.0323, Loss_G: 0.1001, D(x): 0.9766, D(G(z)): 0.0089
Epoch [52/100], Step [2], Loss_D: 0.0167, Loss_G: 0.0853, D(x): 0.9905, D(G(z)): 0.0072
Epoch [52/100], Step [3], Loss_D: 0.0100, Loss_G: 0.0892, D(x): 0.9980, D(G(z)): 0.0081
Epoch [52/100], Step [4], Loss_D: 0.0091, Loss_G: 0.0801, D(x): 0.9991, D(G(z)): 0.0082
Epoch [52/100], Step [5], Loss_D: 0.0099, Loss_G: 0.0829, D(x): 0.9968, D(G(z)): 0.0067
Epoch [52/100], Step [6], Loss_D: 0.0056, Loss_G: 0.0943, D(x): 0.9973, D(G(z)): 0.0029
Epoch [52/100], Step [7], Loss_D: 0.0161, Loss_G: 0.0837, D(x): 0.9870, D(G(z)): 0.0032
Epoch [52/100], Step [8], Loss_D: 0.0220, Loss_G: 0.0872, D(x): 0.9826, D(G(z)): 0.0046
Epoch [52/100], Step [9], Loss_D: 0.0064, Loss_G: 0.0888, D(x): 0.9973, D(G(z)): 0.0037
Epoch [52/100], Step [10], Loss_D: 0.0056, Loss_G: 0.0883, D(x): 0.9993, D(G(z)): 0.0049
Epoch [52/100], Step [11], Loss_D: 0.0126, Loss_G: 0.0923, D(x): 0.9951, D(G(z)): 0.0077
Epoch [52/100], Step [12], Loss_D: 0.0107, Loss_G: 0.0956, D(x): 0.9967, D(G(z)): 0.0074
Epoch [52/100], Step [13], Loss_D: 0.0080, Loss_G: 0.0902, D(x): 1.0000, D(G(z)): 0.0080
Epoch [53/100], Step [1], Loss_D: 0.0056, Loss_G: 0.0905, D(x): 0.9996, D(G(z)): 0.0053
Epoch [53/100], Step [2], Loss_D: 0.0183, Loss_G: 0.0945, D(x): 0.9865, D(G(z)): 0.0047
Epoch [53/100], Step [3], Loss_D: 0.0315, Loss_G: 0.0849, D(x): 0.9726, D(G(z)): 0.0042
Epoch [53/100], Step [4], Loss_D: 0.0073, Loss_G: 0.0865, D(x): 0.9985, D(G(z)): 0.0058
Epoch [53/100], Step [5], Loss_D: 0.0226, Loss_G: 0.0919, D(x): 0.9865, D(G(z)): 0.0090
Epoch [53/100], Step [6], Loss_D: 0.0097, Loss_G: 0.0837, D(x): 0.9972, D(G(z)): 0.0069
Epoch [53/100], Step [7], Loss_D: 0.0367, Loss_G: 0.0855, D(x): 0.9716, D(G(z)): 0.0084
Epoch [53/100], Step [8], Loss_D: 0.0134, Loss_G: 0.0831, D(x): 0.9981, D(G(z)): 0.0115
Epoch [53/100], Step [9], Loss_D: 0.0147, Loss_G: 0.0876, D(x): 0.9979, D(G(z)): 0.0125
Epoch [53/100], Step [10], Loss_D: 0.0092, Loss_G: 0.0818, D(x): 0.9963, D(G(z)): 0.0055
Epoch [53/100], Step [11], Loss_D: 0.0056, Loss_G: 0.0818, D(x): 0.9998, D(G(z)): 0.0054
Epoch [53/100], Step [12], Loss_D: 0.0069, Loss_G: 0.0886, D(x): 0.9962, D(G(z)): 0.0031
Epoch [53/100], Step [13], Loss_D: 0.0064, Loss_G: 0.0875, D(x): 0.9973, D(G(z)): 0.0037
Epoch [54/100], Step [1], Loss_D: 0.0334, Loss_G: 0.0877, D(x): 0.9755, D(G(z)): 0.0089
Epoch [54/100], Step [2], Loss_D: 0.0272, Loss_G: 0.0937, D(x): 0.9750, D(G(z)): 0.0021
Epoch [54/100], Step [3], Loss_D: 0.0057, Loss_G: 0.0954, D(x): 0.9957, D(G(z)): 0.0013
Epoch [54/100], Step [4], Loss_D: 0.0045, Loss_G: 0.0833, D(x): 0.9976, D(G(z)): 0.0021
Epoch [54/100], Step [5], Loss_D: 0.0070, Loss_G: 0.0917, D(x): 0.9963, D(G(z)): 0.0033
Epoch [54/100], Step [6], Loss_D: 0.0383, Loss_G: 0.0740, D(x): 0.9688, D(G(z)): 0.0071
Epoch [54/100], Step [7], Loss_D: 0.0065, Loss_G: 0.0976, D(x): 0.9995, D(G(z)): 0.0060
Epoch [54/100], Step [8], Loss_D: 0.0078, Loss_G: 0.0907, D(x): 0.9991, D(G(z)): 0.0070
Epoch [54/100], Step [9], Loss_D: 0.0322, Loss_G: 0.0957, D(x): 0.9753, D(G(z)): 0.0075
Epoch [54/100], Step [10], Loss_D: 0.0082, Loss_G: 0.1045, D(x): 0.9998, D(G(z)): 0.0080
Epoch [54/100], Step [11], Loss_D: 0.0086, Loss_G: 0.0917, D(x): 0.9994, D(G(z)): 0.0080
Epoch [54/100], Step [12], Loss_D: 0.0206, Loss_G: 0.0839, D(x): 0.9931, D(G(z)): 0.0137
Epoch [54/100], Step [13], Loss_D: 0.0059, Loss_G: 0.0784, D(x): 0.9990, D(G(z)): 0.0049
Epoch [55/100], Step [1], Loss_D: 0.0059, Loss_G: 0.0915, D(x): 0.9996, D(G(z)): 0.0055
Epoch [55/100], Step [2], Loss_D: 0.0296, Loss_G: 0.0872, D(x): 0.9807, D(G(z)): 0.0103
Epoch [55/100], Step [3], Loss_D: 0.0040, Loss_G: 0.0773, D(x): 0.9975, D(G(z)): 0.0015
Epoch [55/100], Step [4], Loss_D: 0.0216, Loss_G: 0.0981, D(x): 0.9792, D(G(z)): 0.0008
Epoch [55/100], Step [5], Loss_D: 0.0241, Loss_G: 0.0865, D(x): 0.9774, D(G(z)): 0.0014
Epoch [55/100], Step [6], Loss_D: 0.0099, Loss_G: 0.0887, D(x): 0.9939, D(G(z)): 0.0038
Epoch [55/100], Step [7], Loss_D: 0.0144, Loss_G: 0.0847, D(x): 0.9997, D(G(z)): 0.0141
Epoch [55/100], Step [8], Loss_D: 0.0249, Loss_G: 0.0803, D(x): 0.9991, D(G(z)): 0.0241
Epoch [55/100], Step [9], Loss_D: 0.0163, Loss_G: 0.0884, D(x): 0.9992, D(G(z)): 0.0155
Epoch [55/100], Step [10], Loss_D: 0.0179, Loss_G: 0.0833, D(x): 0.9893, D(G(z)): 0.0072
Epoch [55/100], Step [11], Loss_D: 0.0395, Loss_G: 0.0830, D(x): 0.9632, D(G(z)): 0.0028
Epoch [55/100], Step [12], Loss_D: 0.0132, Loss_G: 0.0919, D(x): 0.9880, D(G(z)): 0.0012
Epoch [55/100], Step [13], Loss_D: 0.0218, Loss_G: 0.0843, D(x): 0.9794, D(G(z)): 0.0012
Epoch [56/100], Step [1], Loss_D: 0.0194, Loss_G: 0.0853, D(x): 0.9834, D(G(z)): 0.0028
Epoch [56/100], Step [2], Loss_D: 0.0106, Loss_G: 0.0839, D(x): 0.9950, D(G(z)): 0.0056
Epoch [56/100], Step [3], Loss_D: 0.0343, Loss_G: 0.0920, D(x): 0.9975, D(G(z)): 0.0319
Epoch [56/100], Step [4], Loss_D: 0.0320, Loss_G: 0.0877, D(x): 0.9998, D(G(z)): 0.0318
Epoch [56/100], Step [5], Loss_D: 0.0089, Loss_G: 0.0948, D(x): 0.9948, D(G(z)): 0.0036
Epoch [56/100], Step [6], Loss_D: 0.0163, Loss_G: 0.0865, D(x): 0.9851, D(G(z)): 0.0013
Epoch [56/100], Step [7], Loss_D: 0.0071, Loss_G: 0.0917, D(x): 0.9937, D(G(z)): 0.0008
Epoch [56/100], Step [8], Loss_D: 0.0359, Loss_G: 0.0801, D(x): 0.9647, D(G(z)): 0.0006
Epoch [56/100], Step [9], Loss_D: 0.0575, Loss_G: 0.0931, D(x): 0.9430, D(G(z)): 0.0005
Epoch [56/100], Step [10], Loss_D: 0.0020, Loss_G: 0.0928, D(x): 0.9994, D(G(z)): 0.0013
Epoch [56/100], Step [11], Loss_D: 0.0096, Loss_G: 0.0986, D(x): 0.9921, D(G(z)): 0.0017
Epoch [56/100], Step [12], Loss_D: 0.0383, Loss_G: 0.0883, D(x): 0.9675, D(G(z)): 0.0058
Epoch [56/100], Step [13], Loss_D: 0.0131, Loss_G: 0.0791, D(x): 0.9999, D(G(z)): 0.0130
Epoch [57/100], Step [1], Loss_D: 0.0204, Loss_G: 0.0975, D(x): 0.9998, D(G(z)): 0.0201
Epoch [57/100], Step [2], Loss_D: 0.0248, Loss_G: 0.0856, D(x): 0.9926, D(G(z)): 0.0174
Epoch [57/100], Step [3], Loss_D: 0.0318, Loss_G: 0.0847, D(x): 0.9828, D(G(z)): 0.0145
Epoch [57/100], Step [4], Loss_D: 0.0061, Loss_G: 0.0929, D(x): 0.9990, D(G(z)): 0.0051
Epoch [57/100], Step [5], Loss_D: 0.0211, Loss_G: 0.0816, D(x): 0.9807, D(G(z)): 0.0018
Epoch [57/100], Step [6], Loss_D: 0.0277, Loss_G: 0.0950, D(x): 0.9762, D(G(z)): 0.0039
Epoch [57/100], Step [7], Loss_D: 0.0312, Loss_G: 0.0871, D(x): 0.9707, D(G(z)): 0.0019
Epoch [57/100], Step [8], Loss_D: 0.0104, Loss_G: 0.0969, D(x): 0.9949, D(G(z)): 0.0053
Epoch [57/100], Step [9], Loss_D: 0.0064, Loss_G: 0.0953, D(x): 0.9994, D(G(z)): 0.0059
Epoch [57/100], Step [10], Loss_D: 0.0097, Loss_G: 0.0843, D(x): 0.9990, D(G(z)): 0.0086
Epoch [57/100], Step [11], Loss_D: 0.0231, Loss_G: 0.0824, D(x): 0.9932, D(G(z)): 0.0163
Epoch [57/100], Step [12], Loss_D: 0.0136, Loss_G: 0.0918, D(x): 0.9999, D(G(z)): 0.0136
Epoch [57/100], Step [13], Loss_D: 0.0108, Loss_G: 0.0949, D(x): 0.9944, D(G(z)): 0.0052
Epoch [58/100], Step [1], Loss_D: 0.0065, Loss_G: 0.0930, D(x): 0.9983, D(G(z)): 0.0047
Epoch [58/100], Step [2], Loss_D: 0.0140, Loss_G: 0.0830, D(x): 0.9911, D(G(z)): 0.0052
Epoch [58/100], Step [3], Loss_D: 0.0126, Loss_G: 0.0892, D(x): 0.9901, D(G(z)): 0.0026
Epoch [58/100], Step [4], Loss_D: 0.0029, Loss_G: 0.0896, D(x): 0.9987, D(G(z)): 0.0016
Epoch [58/100], Step [5], Loss_D: 0.0064, Loss_G: 0.0857, D(x): 0.9966, D(G(z)): 0.0029
Epoch [58/100], Step [6], Loss_D: 0.0098, Loss_G: 0.0991, D(x): 0.9929, D(G(z)): 0.0027
Epoch [58/100], Step [7], Loss_D: 0.0092, Loss_G: 0.0829, D(x): 0.9952, D(G(z)): 0.0045
Epoch [58/100], Step [8], Loss_D: 0.0196, Loss_G: 0.0755, D(x): 0.9873, D(G(z)): 0.0069
Epoch [58/100], Step [9], Loss_D: 0.0203, Loss_G: 0.0865, D(x): 0.9909, D(G(z)): 0.0112
Epoch [58/100], Step [10], Loss_D: 0.0116, Loss_G: 0.0874, D(x): 0.9993, D(G(z)): 0.0109
Epoch [58/100], Step [11], Loss_D: 0.0182, Loss_G: 0.0723, D(x): 0.9981, D(G(z)): 0.0163
Epoch [58/100], Step [12], Loss_D: 0.0092, Loss_G: 0.0916, D(x): 0.9993, D(G(z)): 0.0085
Epoch [58/100], Step [13], Loss_D: 0.0039, Loss_G: 0.0903, D(x): 0.9997, D(G(z)): 0.0036
Epoch [59/100], Step [1], Loss_D: 0.0218, Loss_G: 0.0789, D(x): 0.9796, D(G(z)): 0.0014
Epoch [59/100], Step [2], Loss_D: 0.0090, Loss_G: 0.0909, D(x): 0.9924, D(G(z)): 0.0014
Epoch [59/100], Step [3], Loss_D: 0.0133, Loss_G: 0.0836, D(x): 0.9904, D(G(z)): 0.0036
Epoch [59/100], Step [4], Loss_D: 0.0222, Loss_G: 0.0912, D(x): 0.9817, D(G(z)): 0.0039
Epoch [59/100], Step [5], Loss_D: 0.0112, Loss_G: 0.0884, D(x): 0.9982, D(G(z)): 0.0094
Epoch [59/100], Step [6], Loss_D: 0.0128, Loss_G: 0.0892, D(x): 0.9982, D(G(z)): 0.0110
Epoch [59/100], Step [7], Loss_D: 0.0156, Loss_G: 0.0788, D(x): 0.9976, D(G(z)): 0.0132
Epoch [59/100], Step [8], Loss_D: 0.0068, Loss_G: 0.0840, D(x): 0.9993, D(G(z)): 0.0061
Epoch [59/100], Step [9], Loss_D: 0.0104, Loss_G: 0.0855, D(x): 0.9926, D(G(z)): 0.0031
Epoch [59/100], Step [10], Loss_D: 0.0041, Loss_G: 0.0759, D(x): 0.9997, D(G(z)): 0.0038
Epoch [59/100], Step [11], Loss_D: 0.0158, Loss_G: 0.0853, D(x): 0.9864, D(G(z)): 0.0022
Epoch [59/100], Step [12], Loss_D: 0.0159, Loss_G: 0.0947, D(x): 0.9864, D(G(z)): 0.0023
Epoch [59/100], Step [13], Loss_D: 0.0136, Loss_G: 0.0902, D(x): 0.9902, D(G(z)): 0.0038
Epoch [60/100], Step [1], Loss_D: 0.0187, Loss_G: 0.0865, D(x): 0.9867, D(G(z)): 0.0054
Epoch [60/100], Step [2], Loss_D: 0.0204, Loss_G: 0.0799, D(x): 0.9945, D(G(z)): 0.0149
Epoch [60/100], Step [3], Loss_D: 0.0332, Loss_G: 0.0875, D(x): 0.9824, D(G(z)): 0.0156
Epoch [60/100], Step [4], Loss_D: 0.0095, Loss_G: 0.0928, D(x): 0.9972, D(G(z)): 0.0067
Epoch [60/100], Step [5], Loss_D: 0.0081, Loss_G: 0.0862, D(x): 0.9986, D(G(z)): 0.0067
Epoch [60/100], Step [6], Loss_D: 0.0246, Loss_G: 0.0840, D(x): 0.9797, D(G(z)): 0.0043
Epoch [60/100], Step [7], Loss_D: 0.0101, Loss_G: 0.0877, D(x): 0.9938, D(G(z)): 0.0039
Epoch [60/100], Step [8], Loss_D: 0.0106, Loss_G: 0.0768, D(x): 0.9970, D(G(z)): 0.0077
Epoch [60/100], Step [9], Loss_D: 0.0110, Loss_G: 0.0865, D(x): 0.9972, D(G(z)): 0.0082
Epoch [60/100], Step [10], Loss_D: 0.0072, Loss_G: 0.0947, D(x): 0.9999, D(G(z)): 0.0071
Epoch [60/100], Step [11], Loss_D: 0.0087, Loss_G: 0.0833, D(x): 0.9978, D(G(z)): 0.0065
Epoch [60/100], Step [12], Loss_D: 0.0079, Loss_G: 0.0818, D(x): 0.9957, D(G(z)): 0.0036
Epoch [60/100], Step [13], Loss_D: 0.0368, Loss_G: 0.0896, D(x): 0.9669, D(G(z)): 0.0037
Epoch [61/100], Step [1], Loss_D: 0.0350, Loss_G: 0.0726, D(x): 0.9796, D(G(z)): 0.0146
Epoch [61/100], Step [2], Loss_D: 0.0281, Loss_G: 0.0900, D(x): 0.9987, D(G(z)): 0.0268
Epoch [61/100], Step [3], Loss_D: 0.0378, Loss_G: 0.0909, D(x): 0.9770, D(G(z)): 0.0149
Epoch [61/100], Step [4], Loss_D: 0.0123, Loss_G: 0.0817, D(x): 0.9992, D(G(z)): 0.0115
Epoch [61/100], Step [5], Loss_D: 0.0070, Loss_G: 0.0940, D(x): 0.9971, D(G(z)): 0.0042
Epoch [61/100], Step [6], Loss_D: 0.0201, Loss_G: 0.0910, D(x): 0.9814, D(G(z)): 0.0015
Epoch [61/100], Step [7], Loss_D: 0.0103, Loss_G: 0.0937, D(x): 0.9917, D(G(z)): 0.0020
Epoch [61/100], Step [8], Loss_D: 0.0331, Loss_G: 0.0915, D(x): 0.9692, D(G(z)): 0.0023
Epoch [61/100], Step [9], Loss_D: 0.0153, Loss_G: 0.0803, D(x): 0.9890, D(G(z)): 0.0043
Epoch [61/100], Step [10], Loss_D: 0.0455, Loss_G: 0.0865, D(x): 0.9670, D(G(z)): 0.0125
Epoch [61/100], Step [11], Loss_D: 0.0175, Loss_G: 0.0953, D(x): 0.9998, D(G(z)): 0.0173
Epoch [61/100], Step [12], Loss_D: 0.0445, Loss_G: 0.1004, D(x): 0.9984, D(G(z)): 0.0429
Epoch [61/100], Step [13], Loss_D: 0.0133, Loss_G: 0.0774, D(x): 0.9966, D(G(z)): 0.0099
Epoch [62/100], Step [1], Loss_D: 0.0339, Loss_G: 0.0864, D(x): 0.9679, D(G(z)): 0.0018
Epoch [62/100], Step [2], Loss_D: 0.0561, Loss_G: 0.0756, D(x): 0.9449, D(G(z)): 0.0010
Epoch [62/100], Step [3], Loss_D: 0.0071, Loss_G: 0.0943, D(x): 0.9953, D(G(z)): 0.0025
Epoch [62/100], Step [4], Loss_D: 0.0260, Loss_G: 0.0936, D(x): 0.9971, D(G(z)): 0.0231
Epoch [62/100], Step [5], Loss_D: 0.0258, Loss_G: 0.0835, D(x): 0.9956, D(G(z)): 0.0214
Epoch [62/100], Step [6], Loss_D: 0.0166, Loss_G: 0.0825, D(x): 0.9883, D(G(z)): 0.0050
Epoch [62/100], Step [7], Loss_D: 0.0190, Loss_G: 0.0795, D(x): 0.9831, D(G(z)): 0.0021
Epoch [62/100], Step [8], Loss_D: 0.0125, Loss_G: 0.0813, D(x): 0.9882, D(G(z)): 0.0007
Epoch [62/100], Step [9], Loss_D: 0.0084, Loss_G: 0.0994, D(x): 0.9922, D(G(z)): 0.0006
Epoch [62/100], Step [10], Loss_D: 0.0018, Loss_G: 0.0965, D(x): 0.9990, D(G(z)): 0.0008
Epoch [62/100], Step [11], Loss_D: 0.0724, Loss_G: 0.0837, D(x): 0.9313, D(G(z)): 0.0037
Epoch [62/100], Step [12], Loss_D: 0.0114, Loss_G: 0.0850, D(x): 0.9974, D(G(z)): 0.0088
Epoch [62/100], Step [13], Loss_D: 0.0420, Loss_G: 0.0885, D(x): 0.9960, D(G(z)): 0.0379
Epoch [63/100], Step [1], Loss_D: 0.0118, Loss_G: 0.0910, D(x): 0.9987, D(G(z)): 0.0105
Epoch [63/100], Step [2], Loss_D: 0.0147, Loss_G: 0.0920, D(x): 0.9976, D(G(z)): 0.0123
Epoch [63/100], Step [3], Loss_D: 0.0218, Loss_G: 0.0866, D(x): 0.9898, D(G(z)): 0.0116
Epoch [63/100], Step [4], Loss_D: 0.0081, Loss_G: 0.0853, D(x): 0.9965, D(G(z)): 0.0046
Epoch [63/100], Step [5], Loss_D: 0.0113, Loss_G: 0.1016, D(x): 0.9903, D(G(z)): 0.0016
Epoch [63/100], Step [6], Loss_D: 0.0127, Loss_G: 0.0881, D(x): 0.9887, D(G(z)): 0.0013
Epoch [63/100], Step [7], Loss_D: 0.0092, Loss_G: 0.0935, D(x): 0.9926, D(G(z)): 0.0018
Epoch [63/100], Step [8], Loss_D: 0.0409, Loss_G: 0.0822, D(x): 0.9614, D(G(z)): 0.0023
Epoch [63/100], Step [9], Loss_D: 0.0071, Loss_G: 0.0878, D(x): 0.9974, D(G(z)): 0.0045
Epoch [63/100], Step [10], Loss_D: 0.0288, Loss_G: 0.0932, D(x): 0.9936, D(G(z)): 0.0224
Epoch [63/100], Step [11], Loss_D: 0.0176, Loss_G: 0.0846, D(x): 0.9896, D(G(z)): 0.0072
Epoch [63/100], Step [12], Loss_D: 0.0060, Loss_G: 0.0970, D(x): 0.9997, D(G(z)): 0.0057
Epoch [63/100], Step [13], Loss_D: 0.0090, Loss_G: 0.0748, D(x): 0.9974, D(G(z)): 0.0064
Epoch [64/100], Step [1], Loss_D: 0.0091, Loss_G: 0.0915, D(x): 0.9980, D(G(z)): 0.0071
Epoch [64/100], Step [2], Loss_D: 0.0069, Loss_G: 0.0861, D(x): 0.9977, D(G(z)): 0.0046
Epoch [64/100], Step [3], Loss_D: 0.0052, Loss_G: 0.0903, D(x): 0.9980, D(G(z)): 0.0032
Epoch [64/100], Step [4], Loss_D: 0.0573, Loss_G: 0.0926, D(x): 0.9481, D(G(z)): 0.0054
Epoch [64/100], Step [5], Loss_D: 0.0149, Loss_G: 0.0842, D(x): 0.9899, D(G(z)): 0.0048
Epoch [64/100], Step [6], Loss_D: 0.0264, Loss_G: 0.0905, D(x): 0.9818, D(G(z)): 0.0082
Epoch [64/100], Step [7], Loss_D: 0.0291, Loss_G: 0.0837, D(x): 0.9880, D(G(z)): 0.0171
Epoch [64/100], Step [8], Loss_D: 0.0398, Loss_G: 0.0841, D(x): 0.9892, D(G(z)): 0.0289
Epoch [64/100], Step [9], Loss_D: 0.0165, Loss_G: 0.0908, D(x): 0.9960, D(G(z)): 0.0125
Epoch [64/100], Step [10], Loss_D: 0.0083, Loss_G: 0.0840, D(x): 0.9983, D(G(z)): 0.0066
Epoch [64/100], Step [11], Loss_D: 0.0220, Loss_G: 0.0897, D(x): 0.9849, D(G(z)): 0.0069
Epoch [64/100], Step [12], Loss_D: 0.0193, Loss_G: 0.0957, D(x): 0.9862, D(G(z)): 0.0055
Epoch [64/100], Step [13], Loss_D: 0.0185, Loss_G: 0.0715, D(x): 0.9920, D(G(z)): 0.0104
Epoch [65/100], Step [1], Loss_D: 0.0099, Loss_G: 0.0894, D(x): 0.9930, D(G(z)): 0.0029
Epoch [65/100], Step [2], Loss_D: 0.0140, Loss_G: 0.0885, D(x): 0.9886, D(G(z)): 0.0026
Epoch [65/100], Step [3], Loss_D: 0.0089, Loss_G: 0.0870, D(x): 0.9968, D(G(z)): 0.0058
Epoch [65/100], Step [4], Loss_D: 0.0150, Loss_G: 0.0925, D(x): 0.9939, D(G(z)): 0.0089
Epoch [65/100], Step [5], Loss_D: 0.0225, Loss_G: 0.0893, D(x): 0.9941, D(G(z)): 0.0166
Epoch [65/100], Step [6], Loss_D: 0.0200, Loss_G: 0.0842, D(x): 0.9990, D(G(z)): 0.0189
Epoch [65/100], Step [7], Loss_D: 0.0066, Loss_G: 0.0936, D(x): 0.9984, D(G(z)): 0.0050
Epoch [65/100], Step [8], Loss_D: 0.0065, Loss_G: 0.0983, D(x): 0.9957, D(G(z)): 0.0022
Epoch [65/100], Step [9], Loss_D: 0.0207, Loss_G: 0.0931, D(x): 0.9809, D(G(z)): 0.0016
Epoch [65/100], Step [10], Loss_D: 0.0290, Loss_G: 0.0872, D(x): 0.9718, D(G(z)): 0.0008
Epoch [65/100], Step [11], Loss_D: 0.0192, Loss_G: 0.0781, D(x): 0.9821, D(G(z)): 0.0013
Epoch [65/100], Step [12], Loss_D: 0.0080, Loss_G: 0.0763, D(x): 0.9964, D(G(z)): 0.0044
Epoch [65/100], Step [13], Loss_D: 0.0099, Loss_G: 0.0838, D(x): 1.0000, D(G(z)): 0.0099
Epoch [66/100], Step [1], Loss_D: 0.0299, Loss_G: 0.0823, D(x): 0.9974, D(G(z)): 0.0273
Epoch [66/100], Step [2], Loss_D: 0.0409, Loss_G: 0.0922, D(x): 0.9689, D(G(z)): 0.0098
Epoch [66/100], Step [3], Loss_D: 0.0315, Loss_G: 0.0891, D(x): 0.9806, D(G(z)): 0.0120
Epoch [66/100], Step [4], Loss_D: 0.0113, Loss_G: 0.0889, D(x): 0.9926, D(G(z)): 0.0038
Epoch [66/100], Step [5], Loss_D: 0.0131, Loss_G: 0.0771, D(x): 0.9894, D(G(z)): 0.0026
Epoch [66/100], Step [6], Loss_D: 0.0438, Loss_G: 0.0843, D(x): 0.9594, D(G(z)): 0.0032
Epoch [66/100], Step [7], Loss_D: 0.0057, Loss_G: 0.1026, D(x): 0.9997, D(G(z)): 0.0053
Epoch [66/100], Step [8], Loss_D: 0.0193, Loss_G: 0.0847, D(x): 0.9906, D(G(z)): 0.0099
Epoch [66/100], Step [9], Loss_D: 0.0157, Loss_G: 0.0862, D(x): 0.9990, D(G(z)): 0.0147
Epoch [66/100], Step [10], Loss_D: 0.0085, Loss_G: 0.0895, D(x): 0.9991, D(G(z)): 0.0076
Epoch [66/100], Step [11], Loss_D: 0.0063, Loss_G: 0.0861, D(x): 0.9980, D(G(z)): 0.0044
Epoch [66/100], Step [12], Loss_D: 0.0055, Loss_G: 0.0924, D(x): 0.9963, D(G(z)): 0.0018
Epoch [66/100], Step [13], Loss_D: 0.0069, Loss_G: 0.0961, D(x): 0.9945, D(G(z)): 0.0015
Epoch [67/100], Step [1], Loss_D: 0.0127, Loss_G: 0.0768, D(x): 0.9890, D(G(z)): 0.0017
Epoch [67/100], Step [2], Loss_D: 0.0138, Loss_G: 0.0858, D(x): 0.9889, D(G(z)): 0.0027
Epoch [67/100], Step [3], Loss_D: 0.0083, Loss_G: 0.0751, D(x): 0.9964, D(G(z)): 0.0047
Epoch [67/100], Step [4], Loss_D: 0.0207, Loss_G: 0.0822, D(x): 0.9875, D(G(z)): 0.0083
Epoch [67/100], Step [5], Loss_D: 0.0124, Loss_G: 0.0889, D(x): 0.9986, D(G(z)): 0.0110
Epoch [67/100], Step [6], Loss_D: 0.0259, Loss_G: 0.0935, D(x): 0.9989, D(G(z)): 0.0248
Epoch [67/100], Step [7], Loss_D: 0.0067, Loss_G: 0.0927, D(x): 0.9999, D(G(z)): 0.0066
Epoch [67/100], Step [8], Loss_D: 0.0142, Loss_G: 0.0817, D(x): 0.9903, D(G(z)): 0.0045
Epoch [67/100], Step [9], Loss_D: 0.0044, Loss_G: 0.0934, D(x): 0.9970, D(G(z)): 0.0015
Epoch [67/100], Step [10], Loss_D: 0.0074, Loss_G: 0.0871, D(x): 0.9942, D(G(z)): 0.0016
Epoch [67/100], Step [11], Loss_D: 0.0086, Loss_G: 0.0948, D(x): 0.9928, D(G(z)): 0.0013
Epoch [67/100], Step [12], Loss_D: 0.0029, Loss_G: 0.0910, D(x): 0.9991, D(G(z)): 0.0020
Epoch [67/100], Step [13], Loss_D: 0.0020, Loss_G: 0.1018, D(x): 0.9994, D(G(z)): 0.0014
Epoch [68/100], Step [1], Loss_D: 0.0511, Loss_G: 0.0830, D(x): 0.9517, D(G(z)): 0.0028
Epoch [68/100], Step [2], Loss_D: 0.0066, Loss_G: 0.0924, D(x): 0.9998, D(G(z)): 0.0065
Epoch [68/100], Step [3], Loss_D: 0.0225, Loss_G: 0.0814, D(x): 0.9982, D(G(z)): 0.0207
Epoch [68/100], Step [4], Loss_D: 0.0124, Loss_G: 0.0910, D(x): 0.9999, D(G(z)): 0.0122
Epoch [68/100], Step [5], Loss_D: 0.0053, Loss_G: 0.0931, D(x): 0.9998, D(G(z)): 0.0051
Epoch [68/100], Step [6], Loss_D: 0.0052, Loss_G: 0.0930, D(x): 0.9984, D(G(z)): 0.0036
Epoch [68/100], Step [7], Loss_D: 0.0137, Loss_G: 0.0921, D(x): 0.9879, D(G(z)): 0.0016
Epoch [68/100], Step [8], Loss_D: 0.0114, Loss_G: 0.0852, D(x): 0.9895, D(G(z)): 0.0009
Epoch [68/100], Step [9], Loss_D: 0.0272, Loss_G: 0.0779, D(x): 0.9745, D(G(z)): 0.0016
Epoch [68/100], Step [10], Loss_D: 0.0195, Loss_G: 0.0905, D(x): 0.9846, D(G(z)): 0.0041
Epoch [68/100], Step [11], Loss_D: 0.0232, Loss_G: 0.0776, D(x): 0.9994, D(G(z)): 0.0226
Epoch [68/100], Step [12], Loss_D: 0.0144, Loss_G: 0.0946, D(x): 0.9992, D(G(z)): 0.0135
Epoch [68/100], Step [13], Loss_D: 0.0268, Loss_G: 0.0857, D(x): 0.9892, D(G(z)): 0.0159
Epoch [69/100], Step [1], Loss_D: 0.0046, Loss_G: 0.0893, D(x): 0.9998, D(G(z)): 0.0044
Epoch [69/100], Step [2], Loss_D: 0.0030, Loss_G: 0.0765, D(x): 0.9986, D(G(z)): 0.0016
Epoch [69/100], Step [3], Loss_D: 0.0194, Loss_G: 0.0955, D(x): 0.9815, D(G(z)): 0.0009
Epoch [69/100], Step [4], Loss_D: 0.0577, Loss_G: 0.0878, D(x): 0.9435, D(G(z)): 0.0012
Epoch [69/100], Step [5], Loss_D: 0.0242, Loss_G: 0.0850, D(x): 0.9805, D(G(z)): 0.0048
Epoch [69/100], Step [6], Loss_D: 0.0314, Loss_G: 0.0866, D(x): 0.9867, D(G(z)): 0.0181
Epoch [69/100], Step [7], Loss_D: 0.0548, Loss_G: 0.0826, D(x): 0.9781, D(G(z)): 0.0329
Epoch [69/100], Step [8], Loss_D: 0.0060, Loss_G: 0.0960, D(x): 0.9975, D(G(z)): 0.0035
Epoch [69/100], Step [9], Loss_D: 0.0427, Loss_G: 0.0857, D(x): 0.9581, D(G(z)): 0.0008
Epoch [69/100], Step [10], Loss_D: 0.0293, Loss_G: 0.0885, D(x): 0.9719, D(G(z)): 0.0012
Epoch [69/100], Step [11], Loss_D: 0.0035, Loss_G: 0.0885, D(x): 0.9982, D(G(z)): 0.0017
Epoch [69/100], Step [12], Loss_D: 0.0292, Loss_G: 0.0751, D(x): 0.9803, D(G(z)): 0.0095
Epoch [69/100], Step [13], Loss_D: 0.0274, Loss_G: 0.0948, D(x): 0.9997, D(G(z)): 0.0271
Epoch [70/100], Step [1], Loss_D: 0.0105, Loss_G: 0.0959, D(x): 0.9953, D(G(z)): 0.0058
Epoch [70/100], Step [2], Loss_D: 0.0061, Loss_G: 0.0926, D(x): 0.9977, D(G(z)): 0.0038
Epoch [70/100], Step [3], Loss_D: 0.0291, Loss_G: 0.0845, D(x): 0.9731, D(G(z)): 0.0022
Epoch [70/100], Step [4], Loss_D: 0.0357, Loss_G: 0.0853, D(x): 0.9684, D(G(z)): 0.0041
Epoch [70/100], Step [5], Loss_D: 0.0233, Loss_G: 0.0855, D(x): 0.9819, D(G(z)): 0.0052
Epoch [70/100], Step [6], Loss_D: 0.0250, Loss_G: 0.0956, D(x): 0.9884, D(G(z)): 0.0134
Epoch [70/100], Step [7], Loss_D: 0.0126, Loss_G: 0.0860, D(x): 0.9996, D(G(z)): 0.0122
Epoch [70/100], Step [8], Loss_D: 0.0168, Loss_G: 0.0878, D(x): 0.9914, D(G(z)): 0.0082
Epoch [70/100], Step [9], Loss_D: 0.0038, Loss_G: 0.0856, D(x): 0.9998, D(G(z)): 0.0035
Epoch [70/100], Step [10], Loss_D: 0.0049, Loss_G: 0.0875, D(x): 0.9987, D(G(z)): 0.0036
Epoch [70/100], Step [11], Loss_D: 0.0185, Loss_G: 0.0756, D(x): 0.9846, D(G(z)): 0.0031
Epoch [70/100], Step [12], Loss_D: 0.0191, Loss_G: 0.0848, D(x): 0.9844, D(G(z)): 0.0035
Epoch [70/100], Step [13], Loss_D: 0.0165, Loss_G: 0.0883, D(x): 0.9902, D(G(z)): 0.0066
Epoch [71/100], Step [1], Loss_D: 0.0249, Loss_G: 0.0839, D(x): 0.9893, D(G(z)): 0.0142
Epoch [71/100], Step [2], Loss_D: 0.0388, Loss_G: 0.0878, D(x): 0.9838, D(G(z)): 0.0226
Epoch [71/100], Step [3], Loss_D: 0.0090, Loss_G: 0.0854, D(x): 0.9983, D(G(z)): 0.0073
Epoch [71/100], Step [4], Loss_D: 0.0130, Loss_G: 0.0752, D(x): 0.9888, D(G(z)): 0.0018
Epoch [71/100], Step [5], Loss_D: 0.0175, Loss_G: 0.0878, D(x): 0.9846, D(G(z)): 0.0021
Epoch [71/100], Step [6], Loss_D: 0.0328, Loss_G: 0.0805, D(x): 0.9701, D(G(z)): 0.0029
Epoch [71/100], Step [7], Loss_D: 0.0099, Loss_G: 0.0830, D(x): 0.9956, D(G(z)): 0.0055
Epoch [71/100], Step [8], Loss_D: 0.0305, Loss_G: 0.0840, D(x): 0.9960, D(G(z)): 0.0265
Epoch [71/100], Step [9], Loss_D: 0.0243, Loss_G: 0.0936, D(x): 0.9878, D(G(z)): 0.0121
Epoch [71/100], Step [10], Loss_D: 0.0197, Loss_G: 0.0894, D(x): 0.9838, D(G(z)): 0.0035
Epoch [71/100], Step [11], Loss_D: 0.0045, Loss_G: 0.0935, D(x): 0.9978, D(G(z)): 0.0023
Epoch [71/100], Step [12], Loss_D: 0.0019, Loss_G: 0.0960, D(x): 0.9994, D(G(z)): 0.0013
Epoch [71/100], Step [13], Loss_D: 0.0572, Loss_G: 0.0976, D(x): 0.9451, D(G(z)): 0.0023
Epoch [72/100], Step [1], Loss_D: 0.0155, Loss_G: 0.1034, D(x): 0.9944, D(G(z)): 0.0099
Epoch [72/100], Step [2], Loss_D: 0.0165, Loss_G: 0.0955, D(x): 1.0000, D(G(z)): 0.0165
Epoch [72/100], Step [3], Loss_D: 0.0387, Loss_G: 0.0926, D(x): 0.9996, D(G(z)): 0.0383
Epoch [72/100], Step [4], Loss_D: 0.0098, Loss_G: 0.0900, D(x): 0.9961, D(G(z)): 0.0059
Epoch [72/100], Step [5], Loss_D: 0.0208, Loss_G: 0.0891, D(x): 0.9840, D(G(z)): 0.0048
Epoch [72/100], Step [6], Loss_D: 0.0137, Loss_G: 0.0832, D(x): 0.9893, D(G(z)): 0.0030
Epoch [72/100], Step [7], Loss_D: 0.0058, Loss_G: 0.0848, D(x): 0.9973, D(G(z)): 0.0031
Epoch [72/100], Step [8], Loss_D: 0.0070, Loss_G: 0.0865, D(x): 0.9985, D(G(z)): 0.0056
Epoch [72/100], Step [9], Loss_D: 0.0240, Loss_G: 0.0935, D(x): 0.9822, D(G(z)): 0.0062
Epoch [72/100], Step [10], Loss_D: 0.0280, Loss_G: 0.0889, D(x): 0.9780, D(G(z)): 0.0060
Epoch [72/100], Step [11], Loss_D: 0.0094, Loss_G: 0.0830, D(x): 0.9986, D(G(z)): 0.0080
Epoch [72/100], Step [12], Loss_D: 0.0078, Loss_G: 0.0917, D(x): 0.9997, D(G(z)): 0.0074
Epoch [72/100], Step [13], Loss_D: 0.0049, Loss_G: 0.0852, D(x): 0.9992, D(G(z)): 0.0041
Epoch [73/100], Step [1], Loss_D: 0.0089, Loss_G: 0.0769, D(x): 0.9962, D(G(z)): 0.0051
Epoch [73/100], Step [2], Loss_D: 0.0366, Loss_G: 0.0841, D(x): 0.9663, D(G(z)): 0.0028
Epoch [73/100], Step [3], Loss_D: 0.0149, Loss_G: 0.0864, D(x): 0.9993, D(G(z)): 0.0142
Epoch [73/100], Step [4], Loss_D: 0.0216, Loss_G: 0.0937, D(x): 0.9998, D(G(z)): 0.0214
Epoch [73/100], Step [5], Loss_D: 0.0102, Loss_G: 0.0883, D(x): 0.9999, D(G(z)): 0.0101
Epoch [73/100], Step [6], Loss_D: 0.0267, Loss_G: 0.0819, D(x): 0.9828, D(G(z)): 0.0095
Epoch [73/100], Step [7], Loss_D: 0.0045, Loss_G: 0.0869, D(x): 0.9992, D(G(z)): 0.0037
Epoch [73/100], Step [8], Loss_D: 0.0033, Loss_G: 0.0873, D(x): 0.9989, D(G(z)): 0.0022
Epoch [73/100], Step [9], Loss_D: 0.0041, Loss_G: 0.0791, D(x): 0.9971, D(G(z)): 0.0012
Epoch [73/100], Step [10], Loss_D: 0.0029, Loss_G: 0.0931, D(x): 0.9983, D(G(z)): 0.0012
Epoch [73/100], Step [11], Loss_D: 0.0139, Loss_G: 0.0926, D(x): 0.9866, D(G(z)): 0.0006
Epoch [73/100], Step [12], Loss_D: 0.0042, Loss_G: 0.0882, D(x): 0.9964, D(G(z)): 0.0006
Epoch [73/100], Step [13], Loss_D: 0.0256, Loss_G: 0.0927, D(x): 0.9751, D(G(z)): 0.0007
Epoch [74/100], Step [1], Loss_D: 0.0086, Loss_G: 0.0819, D(x): 0.9935, D(G(z)): 0.0021
Epoch [74/100], Step [2], Loss_D: 0.0388, Loss_G: 0.0830, D(x): 0.9640, D(G(z)): 0.0027
Epoch [74/100], Step [3], Loss_D: 0.0315, Loss_G: 0.0837, D(x): 0.9785, D(G(z)): 0.0099
Epoch [74/100], Step [4], Loss_D: 0.0205, Loss_G: 0.0900, D(x): 0.9976, D(G(z)): 0.0180
Epoch [74/100], Step [5], Loss_D: 0.0210, Loss_G: 0.0860, D(x): 0.9993, D(G(z)): 0.0203
Epoch [74/100], Step [6], Loss_D: 0.0350, Loss_G: 0.0843, D(x): 0.9732, D(G(z)): 0.0082
Epoch [74/100], Step [7], Loss_D: 0.0121, Loss_G: 0.0923, D(x): 0.9901, D(G(z)): 0.0023
Epoch [74/100], Step [8], Loss_D: 0.0119, Loss_G: 0.0924, D(x): 0.9914, D(G(z)): 0.0033
Epoch [74/100], Step [9], Loss_D: 0.0145, Loss_G: 0.0876, D(x): 0.9974, D(G(z)): 0.0118
Epoch [74/100], Step [10], Loss_D: 0.0291, Loss_G: 0.0943, D(x): 0.9723, D(G(z)): 0.0014
Epoch [74/100], Step [11], Loss_D: 0.0312, Loss_G: 0.0835, D(x): 0.9717, D(G(z)): 0.0029
Epoch [74/100], Step [12], Loss_D: 0.0110, Loss_G: 0.0781, D(x): 0.9942, D(G(z)): 0.0053
Epoch [74/100], Step [13], Loss_D: 0.0174, Loss_G: 0.0764, D(x): 0.9994, D(G(z)): 0.0168
Epoch [75/100], Step [1], Loss_D: 0.0124, Loss_G: 0.0887, D(x): 0.9971, D(G(z)): 0.0095
Epoch [75/100], Step [2], Loss_D: 0.0057, Loss_G: 0.0917, D(x): 0.9987, D(G(z)): 0.0044
Epoch [75/100], Step [3], Loss_D: 0.0409, Loss_G: 0.0754, D(x): 0.9622, D(G(z)): 0.0031
Epoch [75/100], Step [4], Loss_D: 0.0032, Loss_G: 0.0876, D(x): 0.9982, D(G(z)): 0.0014
Epoch [75/100], Step [5], Loss_D: 0.0056, Loss_G: 0.0916, D(x): 0.9954, D(G(z)): 0.0010
Epoch [75/100], Step [6], Loss_D: 0.0253, Loss_G: 0.0906, D(x): 0.9758, D(G(z)): 0.0011
Epoch [75/100], Step [7], Loss_D: 0.0043, Loss_G: 0.0851, D(x): 0.9976, D(G(z)): 0.0020
Epoch [75/100], Step [8], Loss_D: 0.0067, Loss_G: 0.0962, D(x): 0.9994, D(G(z)): 0.0061
Epoch [75/100], Step [9], Loss_D: 0.0051, Loss_G: 0.0921, D(x): 0.9993, D(G(z)): 0.0044
Epoch [75/100], Step [10], Loss_D: 0.0165, Loss_G: 0.0848, D(x): 0.9895, D(G(z)): 0.0060
Epoch [75/100], Step [11], Loss_D: 0.0205, Loss_G: 0.1030, D(x): 0.9876, D(G(z)): 0.0081
Epoch [75/100], Step [12], Loss_D: 0.0124, Loss_G: 0.0889, D(x): 0.9999, D(G(z)): 0.0124
Epoch [75/100], Step [13], Loss_D: 0.0092, Loss_G: 0.0983, D(x): 0.9999, D(G(z)): 0.0091
Epoch [76/100], Step [1], Loss_D: 0.0199, Loss_G: 0.0857, D(x): 0.9868, D(G(z)): 0.0066
Epoch [76/100], Step [2], Loss_D: 0.0339, Loss_G: 0.0955, D(x): 0.9695, D(G(z)): 0.0034
Epoch [76/100], Step [3], Loss_D: 0.0094, Loss_G: 0.0873, D(x): 0.9981, D(G(z)): 0.0075
Epoch [76/100], Step [4], Loss_D: 0.0436, Loss_G: 0.0730, D(x): 0.9614, D(G(z)): 0.0049
Epoch [76/100], Step [5], Loss_D: 0.0223, Loss_G: 0.0868, D(x): 0.9846, D(G(z)): 0.0069
Epoch [76/100], Step [6], Loss_D: 0.0136, Loss_G: 0.0895, D(x): 0.9957, D(G(z)): 0.0093
Epoch [76/100], Step [7], Loss_D: 0.0160, Loss_G: 0.0895, D(x): 0.9985, D(G(z)): 0.0145
Epoch [76/100], Step [8], Loss_D: 0.0262, Loss_G: 0.0888, D(x): 0.9999, D(G(z)): 0.0261
Epoch [76/100], Step [9], Loss_D: 0.0163, Loss_G: 0.0831, D(x): 0.9920, D(G(z)): 0.0083
Epoch [76/100], Step [10], Loss_D: 0.0280, Loss_G: 0.0824, D(x): 0.9755, D(G(z)): 0.0035
Epoch [76/100], Step [11], Loss_D: 0.0192, Loss_G: 0.0944, D(x): 0.9828, D(G(z)): 0.0020
Epoch [76/100], Step [12], Loss_D: 0.0085, Loss_G: 0.0860, D(x): 0.9975, D(G(z)): 0.0059
Epoch [76/100], Step [13], Loss_D: 0.0056, Loss_G: 0.0763, D(x): 0.9986, D(G(z)): 0.0043
Epoch [77/100], Step [1], Loss_D: 0.0234, Loss_G: 0.0986, D(x): 0.9817, D(G(z)): 0.0051
Epoch [77/100], Step [2], Loss_D: 0.0345, Loss_G: 0.0859, D(x): 0.9748, D(G(z)): 0.0093
Epoch [77/100], Step [3], Loss_D: 0.0312, Loss_G: 0.0890, D(x): 0.9842, D(G(z)): 0.0154
Epoch [77/100], Step [4], Loss_D: 0.0128, Loss_G: 0.0944, D(x): 0.9987, D(G(z)): 0.0115
Epoch [77/100], Step [5], Loss_D: 0.0108, Loss_G: 0.0740, D(x): 0.9982, D(G(z)): 0.0089
Epoch [77/100], Step [6], Loss_D: 0.0058, Loss_G: 0.0871, D(x): 0.9971, D(G(z)): 0.0030
Epoch [77/100], Step [7], Loss_D: 0.0161, Loss_G: 0.0943, D(x): 0.9856, D(G(z)): 0.0017
Epoch [77/100], Step [8], Loss_D: 0.0204, Loss_G: 0.0774, D(x): 0.9811, D(G(z)): 0.0015
Epoch [77/100], Step [9], Loss_D: 0.0029, Loss_G: 0.1011, D(x): 0.9992, D(G(z)): 0.0021
Epoch [77/100], Step [10], Loss_D: 0.0049, Loss_G: 0.0861, D(x): 0.9979, D(G(z)): 0.0028
Epoch [77/100], Step [11], Loss_D: 0.0051, Loss_G: 0.0899, D(x): 0.9981, D(G(z)): 0.0032
Epoch [77/100], Step [12], Loss_D: 0.0059, Loss_G: 0.0824, D(x): 0.9990, D(G(z)): 0.0049
Epoch [77/100], Step [13], Loss_D: 0.0272, Loss_G: 0.0974, D(x): 0.9786, D(G(z)): 0.0058
Epoch [78/100], Step [1], Loss_D: 0.0247, Loss_G: 0.0736, D(x): 0.9839, D(G(z)): 0.0086
Epoch [78/100], Step [2], Loss_D: 0.0255, Loss_G: 0.0840, D(x): 0.9866, D(G(z)): 0.0121
Epoch [78/100], Step [3], Loss_D: 0.0086, Loss_G: 0.0859, D(x): 0.9990, D(G(z)): 0.0076
Epoch [78/100], Step [4], Loss_D: 0.0098, Loss_G: 0.0839, D(x): 0.9988, D(G(z)): 0.0086
Epoch [78/100], Step [5], Loss_D: 0.0115, Loss_G: 0.0829, D(x): 0.9950, D(G(z)): 0.0065
Epoch [78/100], Step [6], Loss_D: 0.0073, Loss_G: 0.0814, D(x): 0.9962, D(G(z)): 0.0036
Epoch [78/100], Step [7], Loss_D: 0.0085, Loss_G: 0.0839, D(x): 0.9960, D(G(z)): 0.0045
Epoch [78/100], Step [8], Loss_D: 0.0041, Loss_G: 0.0874, D(x): 0.9979, D(G(z)): 0.0020
Epoch [78/100], Step [9], Loss_D: 0.0186, Loss_G: 0.0863, D(x): 0.9840, D(G(z)): 0.0026
Epoch [78/100], Step [10], Loss_D: 0.0072, Loss_G: 0.0943, D(x): 0.9963, D(G(z)): 0.0035
Epoch [78/100], Step [11], Loss_D: 0.0094, Loss_G: 0.0927, D(x): 0.9985, D(G(z)): 0.0079
Epoch [78/100], Step [12], Loss_D: 0.0104, Loss_G: 0.0958, D(x): 0.9993, D(G(z)): 0.0097
Epoch [78/100], Step [13], Loss_D: 0.0484, Loss_G: 0.0808, D(x): 0.9594, D(G(z)): 0.0079
Epoch [79/100], Step [1], Loss_D: 0.0134, Loss_G: 0.0821, D(x): 0.9964, D(G(z)): 0.0099
Epoch [79/100], Step [2], Loss_D: 0.0080, Loss_G: 0.0858, D(x): 0.9980, D(G(z)): 0.0059
Epoch [79/100], Step [3], Loss_D: 0.0084, Loss_G: 0.0834, D(x): 0.9950, D(G(z)): 0.0035
Epoch [79/100], Step [4], Loss_D: 0.0063, Loss_G: 0.1056, D(x): 0.9962, D(G(z)): 0.0025
Epoch [79/100], Step [5], Loss_D: 0.0156, Loss_G: 0.0983, D(x): 0.9866, D(G(z)): 0.0022
Epoch [79/100], Step [6], Loss_D: 0.0089, Loss_G: 0.0936, D(x): 0.9930, D(G(z)): 0.0019
Epoch [79/100], Step [7], Loss_D: 0.0116, Loss_G: 0.0962, D(x): 0.9921, D(G(z)): 0.0037
Epoch [79/100], Step [8], Loss_D: 0.0140, Loss_G: 0.0832, D(x): 0.9955, D(G(z)): 0.0095
Epoch [79/100], Step [9], Loss_D: 0.0219, Loss_G: 0.0829, D(x): 0.9961, D(G(z)): 0.0181
Epoch [79/100], Step [10], Loss_D: 0.0086, Loss_G: 0.0883, D(x): 0.9964, D(G(z)): 0.0050
Epoch [79/100], Step [11], Loss_D: 0.0075, Loss_G: 0.0906, D(x): 0.9955, D(G(z)): 0.0030
Epoch [79/100], Step [12], Loss_D: 0.0079, Loss_G: 0.0837, D(x): 0.9953, D(G(z)): 0.0032
Epoch [79/100], Step [13], Loss_D: 0.0133, Loss_G: 0.0952, D(x): 0.9898, D(G(z)): 0.0031
Epoch [80/100], Step [1], Loss_D: 0.0134, Loss_G: 0.1007, D(x): 0.9951, D(G(z)): 0.0085
Epoch [80/100], Step [2], Loss_D: 0.0261, Loss_G: 0.0882, D(x): 0.9904, D(G(z)): 0.0165
Epoch [80/100], Step [3], Loss_D: 0.0121, Loss_G: 0.0822, D(x): 0.9991, D(G(z)): 0.0112
Epoch [80/100], Step [4], Loss_D: 0.0109, Loss_G: 0.0830, D(x): 0.9982, D(G(z)): 0.0092
Epoch [80/100], Step [5], Loss_D: 0.0112, Loss_G: 0.0784, D(x): 0.9932, D(G(z)): 0.0043
Epoch [80/100], Step [6], Loss_D: 0.0146, Loss_G: 0.1014, D(x): 0.9876, D(G(z)): 0.0021
Epoch [80/100], Step [7], Loss_D: 0.0220, Loss_G: 0.0855, D(x): 0.9808, D(G(z)): 0.0027
Epoch [80/100], Step [8], Loss_D: 0.0089, Loss_G: 0.0924, D(x): 0.9990, D(G(z)): 0.0079
Epoch [80/100], Step [9], Loss_D: 0.0201, Loss_G: 0.0852, D(x): 0.9984, D(G(z)): 0.0185
Epoch [80/100], Step [10], Loss_D: 0.0508, Loss_G: 0.0868, D(x): 0.9670, D(G(z)): 0.0178
Epoch [80/100], Step [11], Loss_D: 0.0128, Loss_G: 0.0915, D(x): 0.9927, D(G(z)): 0.0055
Epoch [80/100], Step [12], Loss_D: 0.0180, Loss_G: 0.0923, D(x): 0.9867, D(G(z)): 0.0046
Epoch [80/100], Step [13], Loss_D: 0.0174, Loss_G: 0.0884, D(x): 0.9883, D(G(z)): 0.0057
Epoch [81/100], Step [1], Loss_D: 0.0248, Loss_G: 0.0822, D(x): 0.9824, D(G(z)): 0.0072
Epoch [81/100], Step [2], Loss_D: 0.0311, Loss_G: 0.0927, D(x): 0.9994, D(G(z)): 0.0305
Epoch [81/100], Step [3], Loss_D: 0.0143, Loss_G: 0.0850, D(x): 0.9970, D(G(z)): 0.0113
Epoch [81/100], Step [4], Loss_D: 0.0079, Loss_G: 0.0925, D(x): 0.9958, D(G(z)): 0.0036
Epoch [81/100], Step [5], Loss_D: 0.0154, Loss_G: 0.0832, D(x): 0.9881, D(G(z)): 0.0035
Epoch [81/100], Step [6], Loss_D: 0.0519, Loss_G: 0.0897, D(x): 0.9510, D(G(z)): 0.0028
Epoch [81/100], Step [7], Loss_D: 0.0118, Loss_G: 0.0850, D(x): 0.9951, D(G(z)): 0.0069
Epoch [81/100], Step [8], Loss_D: 0.0323, Loss_G: 0.0845, D(x): 0.9777, D(G(z)): 0.0099
Epoch [81/100], Step [9], Loss_D: 0.0208, Loss_G: 0.0871, D(x): 0.9979, D(G(z)): 0.0187
Epoch [81/100], Step [10], Loss_D: 0.0105, Loss_G: 0.0938, D(x): 0.9972, D(G(z)): 0.0076
Epoch [81/100], Step [11], Loss_D: 0.0300, Loss_G: 0.0778, D(x): 0.9802, D(G(z)): 0.0103
Epoch [81/100], Step [12], Loss_D: 0.0122, Loss_G: 0.0952, D(x): 0.9903, D(G(z)): 0.0024
Epoch [81/100], Step [13], Loss_D: 0.0116, Loss_G: 0.0823, D(x): 0.9921, D(G(z)): 0.0037
Epoch [82/100], Step [1], Loss_D: 0.0168, Loss_G: 0.0849, D(x): 0.9900, D(G(z)): 0.0068
Epoch [82/100], Step [2], Loss_D: 0.0105, Loss_G: 0.0843, D(x): 0.9980, D(G(z)): 0.0085
Epoch [82/100], Step [3], Loss_D: 0.0175, Loss_G: 0.0884, D(x): 0.9972, D(G(z)): 0.0147
Epoch [82/100], Step [4], Loss_D: 0.0265, Loss_G: 0.0924, D(x): 0.9814, D(G(z)): 0.0079
Epoch [82/100], Step [5], Loss_D: 0.0052, Loss_G: 0.0911, D(x): 0.9984, D(G(z)): 0.0037
Epoch [82/100], Step [6], Loss_D: 0.0194, Loss_G: 0.0888, D(x): 0.9845, D(G(z)): 0.0039
Epoch [82/100], Step [7], Loss_D: 0.0047, Loss_G: 0.1008, D(x): 0.9977, D(G(z)): 0.0024
Epoch [82/100], Step [8], Loss_D: 0.0169, Loss_G: 0.0819, D(x): 0.9871, D(G(z)): 0.0041
Epoch [82/100], Step [9], Loss_D: 0.0121, Loss_G: 0.0879, D(x): 0.9954, D(G(z)): 0.0075
Epoch [82/100], Step [10], Loss_D: 0.0097, Loss_G: 0.0966, D(x): 0.9965, D(G(z)): 0.0062
Epoch [82/100], Step [11], Loss_D: 0.0144, Loss_G: 0.0838, D(x): 0.9978, D(G(z)): 0.0122
Epoch [82/100], Step [12], Loss_D: 0.0143, Loss_G: 0.0903, D(x): 0.9945, D(G(z)): 0.0088
Epoch [82/100], Step [13], Loss_D: 0.0133, Loss_G: 0.0900, D(x): 0.9916, D(G(z)): 0.0049
Epoch [83/100], Step [1], Loss_D: 0.0094, Loss_G: 0.0940, D(x): 0.9940, D(G(z)): 0.0034
Epoch [83/100], Step [2], Loss_D: 0.0044, Loss_G: 0.0874, D(x): 0.9985, D(G(z)): 0.0028
Epoch [83/100], Step [3], Loss_D: 0.0146, Loss_G: 0.0906, D(x): 0.9886, D(G(z)): 0.0032
Epoch [83/100], Step [4], Loss_D: 0.0074, Loss_G: 0.0889, D(x): 0.9996, D(G(z)): 0.0070
Epoch [83/100], Step [5], Loss_D: 0.0116, Loss_G: 0.0776, D(x): 0.9968, D(G(z)): 0.0084
Epoch [83/100], Step [6], Loss_D: 0.0143, Loss_G: 0.0856, D(x): 0.9944, D(G(z)): 0.0087
Epoch [83/100], Step [7], Loss_D: 0.0287, Loss_G: 0.0912, D(x): 0.9830, D(G(z)): 0.0117
Epoch [83/100], Step [8], Loss_D: 0.0155, Loss_G: 0.0860, D(x): 0.9886, D(G(z)): 0.0041
Epoch [83/100], Step [9], Loss_D: 0.0180, Loss_G: 0.0824, D(x): 0.9860, D(G(z)): 0.0040
Epoch [83/100], Step [10], Loss_D: 0.0134, Loss_G: 0.0880, D(x): 0.9943, D(G(z)): 0.0076
Epoch [83/100], Step [11], Loss_D: 0.0112, Loss_G: 0.0903, D(x): 0.9988, D(G(z)): 0.0100
Epoch [83/100], Step [12], Loss_D: 0.0192, Loss_G: 0.0926, D(x): 0.9905, D(G(z)): 0.0097
Epoch [83/100], Step [13], Loss_D: 0.0100, Loss_G: 0.1148, D(x): 0.9995, D(G(z)): 0.0095
Epoch [84/100], Step [1], Loss_D: 0.0223, Loss_G: 0.0880, D(x): 0.9815, D(G(z)): 0.0038
Epoch [84/100], Step [2], Loss_D: 0.0051, Loss_G: 0.0850, D(x): 0.9963, D(G(z)): 0.0014
Epoch [84/100], Step [3], Loss_D: 0.0118, Loss_G: 0.0831, D(x): 0.9893, D(G(z)): 0.0011
Epoch [84/100], Step [4], Loss_D: 0.0091, Loss_G: 0.0946, D(x): 0.9924, D(G(z)): 0.0015
Epoch [84/100], Step [5], Loss_D: 0.0053, Loss_G: 0.0922, D(x): 0.9986, D(G(z)): 0.0039
Epoch [84/100], Step [6], Loss_D: 0.0228, Loss_G: 0.0903, D(x): 0.9870, D(G(z)): 0.0098
Epoch [84/100], Step [7], Loss_D: 0.0200, Loss_G: 0.1012, D(x): 0.9952, D(G(z)): 0.0151
Epoch [84/100], Step [8], Loss_D: 0.0140, Loss_G: 0.0944, D(x): 0.9981, D(G(z)): 0.0121
Epoch [84/100], Step [9], Loss_D: 0.0228, Loss_G: 0.0826, D(x): 0.9851, D(G(z)): 0.0078
Epoch [84/100], Step [10], Loss_D: 0.0116, Loss_G: 0.0855, D(x): 0.9952, D(G(z)): 0.0068
Epoch [84/100], Step [11], Loss_D: 0.0241, Loss_G: 0.0877, D(x): 0.9786, D(G(z)): 0.0027
Epoch [84/100], Step [12], Loss_D: 0.0122, Loss_G: 0.0877, D(x): 0.9910, D(G(z)): 0.0033
Epoch [84/100], Step [13], Loss_D: 0.0313, Loss_G: 0.0869, D(x): 0.9755, D(G(z)): 0.0068
Epoch [85/100], Step [1], Loss_D: 0.0233, Loss_G: 0.0883, D(x): 0.9997, D(G(z)): 0.0230
Epoch [85/100], Step [2], Loss_D: 0.0117, Loss_G: 0.0977, D(x): 0.9995, D(G(z)): 0.0112
Epoch [85/100], Step [3], Loss_D: 0.0139, Loss_G: 0.0878, D(x): 0.9903, D(G(z)): 0.0043
Epoch [85/100], Step [4], Loss_D: 0.0355, Loss_G: 0.0972, D(x): 0.9685, D(G(z)): 0.0039
Epoch [85/100], Step [5], Loss_D: 0.0180, Loss_G: 0.0858, D(x): 0.9869, D(G(z)): 0.0049
Epoch [85/100], Step [6], Loss_D: 0.0197, Loss_G: 0.0964, D(x): 0.9956, D(G(z)): 0.0153
Epoch [85/100], Step [7], Loss_D: 0.0272, Loss_G: 0.0937, D(x): 0.9996, D(G(z)): 0.0268
Epoch [85/100], Step [8], Loss_D: 0.0072, Loss_G: 0.0874, D(x): 0.9991, D(G(z)): 0.0063
Epoch [85/100], Step [9], Loss_D: 0.0365, Loss_G: 0.0794, D(x): 0.9663, D(G(z)): 0.0028
Epoch [85/100], Step [10], Loss_D: 0.0300, Loss_G: 0.0878, D(x): 0.9740, D(G(z)): 0.0040
Epoch [85/100], Step [11], Loss_D: 0.0211, Loss_G: 0.0977, D(x): 0.9986, D(G(z)): 0.0197
Epoch [85/100], Step [12], Loss_D: 0.0646, Loss_G: 0.0898, D(x): 0.9720, D(G(z)): 0.0366
Epoch [85/100], Step [13], Loss_D: 0.0099, Loss_G: 0.0882, D(x): 0.9929, D(G(z)): 0.0028
Epoch [86/100], Step [1], Loss_D: 0.0209, Loss_G: 0.0835, D(x): 0.9798, D(G(z)): 0.0007
Epoch [86/100], Step [2], Loss_D: 0.0409, Loss_G: 0.0867, D(x): 0.9598, D(G(z)): 0.0006
Epoch [86/100], Step [3], Loss_D: 0.0080, Loss_G: 0.0906, D(x): 0.9941, D(G(z)): 0.0021
Epoch [86/100], Step [4], Loss_D: 0.0247, Loss_G: 0.0882, D(x): 0.9828, D(G(z)): 0.0074
Epoch [86/100], Step [5], Loss_D: 0.0373, Loss_G: 0.0936, D(x): 0.9993, D(G(z)): 0.0366
Epoch [86/100], Step [6], Loss_D: 0.0267, Loss_G: 0.0850, D(x): 0.9856, D(G(z)): 0.0123
Epoch [86/100], Step [7], Loss_D: 0.0048, Loss_G: 0.0828, D(x): 0.9973, D(G(z)): 0.0021
Epoch [86/100], Step [8], Loss_D: 0.0267, Loss_G: 0.0916, D(x): 0.9744, D(G(z)): 0.0011
Epoch [86/100], Step [9], Loss_D: 0.0174, Loss_G: 0.0931, D(x): 0.9836, D(G(z)): 0.0010
Epoch [86/100], Step [10], Loss_D: 0.0290, Loss_G: 0.0778, D(x): 0.9729, D(G(z)): 0.0019
Epoch [86/100], Step [11], Loss_D: 0.0267, Loss_G: 0.0873, D(x): 0.9770, D(G(z)): 0.0037
Epoch [86/100], Step [12], Loss_D: 0.0204, Loss_G: 0.0916, D(x): 0.9947, D(G(z)): 0.0151
Epoch [86/100], Step [13], Loss_D: 0.0152, Loss_G: 0.0831, D(x): 0.9997, D(G(z)): 0.0149
Epoch [87/100], Step [1], Loss_D: 0.0085, Loss_G: 0.0793, D(x): 0.9996, D(G(z)): 0.0081
Epoch [87/100], Step [2], Loss_D: 0.0374, Loss_G: 0.0921, D(x): 0.9670, D(G(z)): 0.0043
Epoch [87/100], Step [3], Loss_D: 0.0027, Loss_G: 0.0823, D(x): 0.9990, D(G(z)): 0.0018
Epoch [87/100], Step [4], Loss_D: 0.0084, Loss_G: 0.0901, D(x): 0.9931, D(G(z)): 0.0015
Epoch [87/100], Step [5], Loss_D: 0.0183, Loss_G: 0.0922, D(x): 0.9856, D(G(z)): 0.0039
Epoch [87/100], Step [6], Loss_D: 0.0162, Loss_G: 0.0830, D(x): 0.9874, D(G(z)): 0.0036
Epoch [87/100], Step [7], Loss_D: 0.0287, Loss_G: 0.0962, D(x): 0.9800, D(G(z)): 0.0088
Epoch [87/100], Step [8], Loss_D: 0.0203, Loss_G: 0.0853, D(x): 0.9983, D(G(z)): 0.0186
Epoch [87/100], Step [9], Loss_D: 0.0147, Loss_G: 0.0800, D(x): 0.9996, D(G(z)): 0.0144
Epoch [87/100], Step [10], Loss_D: 0.0122, Loss_G: 0.0978, D(x): 0.9924, D(G(z)): 0.0046
Epoch [87/100], Step [11], Loss_D: 0.0029, Loss_G: 0.0858, D(x): 0.9989, D(G(z)): 0.0019
Epoch [87/100], Step [12], Loss_D: 0.0187, Loss_G: 0.0811, D(x): 0.9824, D(G(z)): 0.0010
Epoch [87/100], Step [13], Loss_D: 0.0176, Loss_G: 0.0943, D(x): 0.9834, D(G(z)): 0.0010
Epoch [88/100], Step [1], Loss_D: 0.0039, Loss_G: 0.0995, D(x): 0.9992, D(G(z)): 0.0031
Epoch [88/100], Step [2], Loss_D: 0.0229, Loss_G: 0.0882, D(x): 0.9993, D(G(z)): 0.0222
Epoch [88/100], Step [3], Loss_D: 0.0164, Loss_G: 0.0970, D(x): 0.9964, D(G(z)): 0.0128
Epoch [88/100], Step [4], Loss_D: 0.0121, Loss_G: 0.0978, D(x): 0.9949, D(G(z)): 0.0070
Epoch [88/100], Step [5], Loss_D: 0.0262, Loss_G: 0.0947, D(x): 0.9824, D(G(z)): 0.0086
Epoch [88/100], Step [6], Loss_D: 0.0061, Loss_G: 0.0907, D(x): 0.9951, D(G(z)): 0.0011
Epoch [88/100], Step [7], Loss_D: 0.0108, Loss_G: 0.0871, D(x): 0.9900, D(G(z)): 0.0009
Epoch [88/100], Step [8], Loss_D: 0.0269, Loss_G: 0.0859, D(x): 0.9742, D(G(z)): 0.0011
Epoch [88/100], Step [9], Loss_D: 0.0337, Loss_G: 0.0872, D(x): 0.9690, D(G(z)): 0.0027
Epoch [88/100], Step [10], Loss_D: 0.0183, Loss_G: 0.0951, D(x): 0.9992, D(G(z)): 0.0176
Epoch [88/100], Step [11], Loss_D: 0.0452, Loss_G: 0.0895, D(x): 0.9966, D(G(z)): 0.0418
Epoch [88/100], Step [12], Loss_D: 0.0083, Loss_G: 0.0854, D(x): 0.9962, D(G(z)): 0.0045
Epoch [88/100], Step [13], Loss_D: 0.0049, Loss_G: 0.0921, D(x): 0.9963, D(G(z)): 0.0013
Epoch [89/100], Step [1], Loss_D: 0.0548, Loss_G: 0.0807, D(x): 0.9465, D(G(z)): 0.0012
Epoch [89/100], Step [2], Loss_D: 0.0132, Loss_G: 0.0956, D(x): 0.9898, D(G(z)): 0.0030
Epoch [89/100], Step [3], Loss_D: 0.0222, Loss_G: 0.0957, D(x): 0.9995, D(G(z)): 0.0216
Epoch [89/100], Step [4], Loss_D: 0.0623, Loss_G: 0.0856, D(x): 0.9994, D(G(z)): 0.0617
Epoch [89/100], Step [5], Loss_D: 0.0249, Loss_G: 0.0755, D(x): 0.9776, D(G(z)): 0.0025
Epoch [89/100], Step [6], Loss_D: 0.0404, Loss_G: 0.0837, D(x): 0.9598, D(G(z)): 0.0002
Epoch [89/100], Step [7], Loss_D: 0.0444, Loss_G: 0.0787, D(x): 0.9560, D(G(z)): 0.0003
Epoch [89/100], Step [8], Loss_D: 0.0320, Loss_G: 0.0908, D(x): 0.9714, D(G(z)): 0.0034
Epoch [89/100], Step [9], Loss_D: 0.0725, Loss_G: 0.1082, D(x): 0.9938, D(G(z)): 0.0664
Epoch [89/100], Step [10], Loss_D: 0.0059, Loss_G: 0.1000, D(x): 0.9986, D(G(z)): 0.0045
Epoch [89/100], Step [11], Loss_D: 0.0043, Loss_G: 0.0818, D(x): 0.9967, D(G(z)): 0.0009
Epoch [89/100], Step [12], Loss_D: 0.0277, Loss_G: 0.0868, D(x): 0.9739, D(G(z)): 0.0016
Epoch [89/100], Step [13], Loss_D: 0.0701, Loss_G: 0.0739, D(x): 0.9314, D(G(z)): 0.0015
Epoch [90/100], Step [1], Loss_D: 0.0202, Loss_G: 0.0829, D(x): 0.9987, D(G(z)): 0.0190
Epoch [90/100], Step [2], Loss_D: 0.0512, Loss_G: 0.0888, D(x): 0.9993, D(G(z)): 0.0505
Epoch [90/100], Step [3], Loss_D: 0.0157, Loss_G: 0.0822, D(x): 0.9920, D(G(z)): 0.0077
Epoch [90/100], Step [4], Loss_D: 0.0523, Loss_G: 0.0876, D(x): 0.9520, D(G(z)): 0.0043
Epoch [90/100], Step [5], Loss_D: 0.1077, Loss_G: 0.0897, D(x): 0.8974, D(G(z)): 0.0051
Epoch [90/100], Step [6], Loss_D: 0.0391, Loss_G: 0.0919, D(x): 0.9907, D(G(z)): 0.0298
Epoch [90/100], Step [7], Loss_D: 0.0367, Loss_G: 0.0853, D(x): 0.9840, D(G(z)): 0.0206
Epoch [90/100], Step [8], Loss_D: 0.0195, Loss_G: 0.0801, D(x): 0.9890, D(G(z)): 0.0084
Epoch [90/100], Step [9], Loss_D: 0.0181, Loss_G: 0.0935, D(x): 0.9995, D(G(z)): 0.0176
Epoch [90/100], Step [10], Loss_D: 0.0086, Loss_G: 0.0822, D(x): 0.9965, D(G(z)): 0.0051
Epoch [90/100], Step [11], Loss_D: 0.0396, Loss_G: 0.0896, D(x): 0.9751, D(G(z)): 0.0147
Epoch [90/100], Step [12], Loss_D: 0.0174, Loss_G: 0.0771, D(x): 0.9848, D(G(z)): 0.0023
Epoch [90/100], Step [13], Loss_D: 0.0179, Loss_G: 0.0846, D(x): 0.9833, D(G(z)): 0.0012
Epoch [91/100], Step [1], Loss_D: 0.0094, Loss_G: 0.0931, D(x): 0.9927, D(G(z)): 0.0021
Epoch [91/100], Step [2], Loss_D: 0.0141, Loss_G: 0.0898, D(x): 0.9970, D(G(z)): 0.0112
Epoch [91/100], Step [3], Loss_D: 0.0271, Loss_G: 0.0998, D(x): 0.9993, D(G(z)): 0.0264
Epoch [91/100], Step [4], Loss_D: 0.0323, Loss_G: 0.0833, D(x): 0.9821, D(G(z)): 0.0145
Epoch [91/100], Step [5], Loss_D: 0.0105, Loss_G: 0.0775, D(x): 0.9948, D(G(z)): 0.0053
Epoch [91/100], Step [6], Loss_D: 0.0193, Loss_G: 0.0921, D(x): 0.9821, D(G(z)): 0.0014
Epoch [91/100], Step [7], Loss_D: 0.0136, Loss_G: 0.0889, D(x): 0.9878, D(G(z)): 0.0014
Epoch [91/100], Step [8], Loss_D: 0.0041, Loss_G: 0.0908, D(x): 0.9975, D(G(z)): 0.0016
Epoch [91/100], Step [9], Loss_D: 0.0065, Loss_G: 0.0854, D(x): 0.9967, D(G(z)): 0.0033
Epoch [91/100], Step [10], Loss_D: 0.0059, Loss_G: 0.0835, D(x): 0.9978, D(G(z)): 0.0037
Epoch [91/100], Step [11], Loss_D: 0.0043, Loss_G: 0.0839, D(x): 0.9990, D(G(z)): 0.0033
Epoch [91/100], Step [12], Loss_D: 0.0255, Loss_G: 0.0837, D(x): 0.9836, D(G(z)): 0.0091
Epoch [91/100], Step [13], Loss_D: 0.0388, Loss_G: 0.0986, D(x): 0.9959, D(G(z)): 0.0347
Epoch [92/100], Step [1], Loss_D: 0.0020, Loss_G: 0.0933, D(x): 0.9997, D(G(z)): 0.0017
Epoch [92/100], Step [2], Loss_D: 0.0293, Loss_G: 0.0959, D(x): 0.9740, D(G(z)): 0.0033
Epoch [92/100], Step [3], Loss_D: 0.0274, Loss_G: 0.0952, D(x): 0.9759, D(G(z)): 0.0033
Epoch [92/100], Step [4], Loss_D: 0.0123, Loss_G: 0.0945, D(x): 0.9980, D(G(z)): 0.0103
Epoch [92/100], Step [5], Loss_D: 0.0161, Loss_G: 0.0799, D(x): 0.9985, D(G(z)): 0.0146
Epoch [92/100], Step [6], Loss_D: 0.0236, Loss_G: 0.0836, D(x): 0.9836, D(G(z)): 0.0072
Epoch [92/100], Step [7], Loss_D: 0.0222, Loss_G: 0.0780, D(x): 0.9834, D(G(z)): 0.0056
Epoch [92/100], Step [8], Loss_D: 0.0065, Loss_G: 0.0901, D(x): 0.9991, D(G(z)): 0.0056
Epoch [92/100], Step [9], Loss_D: 0.0038, Loss_G: 0.0924, D(x): 0.9998, D(G(z)): 0.0036
Epoch [92/100], Step [10], Loss_D: 0.0108, Loss_G: 0.0843, D(x): 0.9939, D(G(z)): 0.0047
Epoch [92/100], Step [11], Loss_D: 0.0093, Loss_G: 0.0845, D(x): 0.9937, D(G(z)): 0.0031
Epoch [92/100], Step [12], Loss_D: 0.0253, Loss_G: 0.0937, D(x): 0.9862, D(G(z)): 0.0115
Epoch [92/100], Step [13], Loss_D: 0.0072, Loss_G: 0.0945, D(x): 0.9942, D(G(z)): 0.0014
Epoch [93/100], Step [1], Loss_D: 0.0050, Loss_G: 0.0863, D(x): 0.9975, D(G(z)): 0.0025
Epoch [93/100], Step [2], Loss_D: 0.0115, Loss_G: 0.0894, D(x): 0.9903, D(G(z)): 0.0018
Epoch [93/100], Step [3], Loss_D: 0.0109, Loss_G: 0.0755, D(x): 0.9938, D(G(z)): 0.0047
Epoch [93/100], Step [4], Loss_D: 0.0070, Loss_G: 0.0818, D(x): 0.9993, D(G(z)): 0.0063
Epoch [93/100], Step [5], Loss_D: 0.0089, Loss_G: 0.0956, D(x): 0.9995, D(G(z)): 0.0084
Epoch [93/100], Step [6], Loss_D: 0.0090, Loss_G: 0.0888, D(x): 0.9997, D(G(z)): 0.0087
Epoch [93/100], Step [7], Loss_D: 0.0098, Loss_G: 0.0888, D(x): 0.9971, D(G(z)): 0.0069
Epoch [93/100], Step [8], Loss_D: 0.0055, Loss_G: 0.0883, D(x): 0.9983, D(G(z)): 0.0038
Epoch [93/100], Step [9], Loss_D: 0.0193, Loss_G: 0.0916, D(x): 0.9829, D(G(z)): 0.0022
Epoch [93/100], Step [10], Loss_D: 0.0280, Loss_G: 0.0852, D(x): 0.9749, D(G(z)): 0.0029
Epoch [93/100], Step [11], Loss_D: 0.0037, Loss_G: 0.0892, D(x): 0.9994, D(G(z)): 0.0031
Epoch [93/100], Step [12], Loss_D: 0.0138, Loss_G: 0.0939, D(x): 0.9891, D(G(z)): 0.0029
Epoch [93/100], Step [13], Loss_D: 0.0031, Loss_G: 0.1020, D(x): 0.9996, D(G(z)): 0.0026
Epoch [94/100], Step [1], Loss_D: 0.0231, Loss_G: 0.0931, D(x): 0.9835, D(G(z)): 0.0065
Epoch [94/100], Step [2], Loss_D: 0.0111, Loss_G: 0.0960, D(x): 0.9968, D(G(z)): 0.0080
Epoch [94/100], Step [3], Loss_D: 0.0085, Loss_G: 0.0994, D(x): 0.9988, D(G(z)): 0.0073
Epoch [94/100], Step [4], Loss_D: 0.0212, Loss_G: 0.0951, D(x): 0.9865, D(G(z)): 0.0077
Epoch [94/100], Step [5], Loss_D: 0.0163, Loss_G: 0.0755, D(x): 0.9966, D(G(z)): 0.0129
Epoch [94/100], Step [6], Loss_D: 0.0051, Loss_G: 0.0937, D(x): 0.9999, D(G(z)): 0.0050
Epoch [94/100], Step [7], Loss_D: 0.0031, Loss_G: 0.0863, D(x): 0.9987, D(G(z)): 0.0018
Epoch [94/100], Step [8], Loss_D: 0.0093, Loss_G: 0.0832, D(x): 0.9918, D(G(z)): 0.0011
Epoch [94/100], Step [9], Loss_D: 0.0106, Loss_G: 0.0921, D(x): 0.9908, D(G(z)): 0.0014
Epoch [94/100], Step [10], Loss_D: 0.0107, Loss_G: 0.0837, D(x): 0.9909, D(G(z)): 0.0016
Epoch [94/100], Step [11], Loss_D: 0.0046, Loss_G: 0.0851, D(x): 0.9995, D(G(z)): 0.0041
Epoch [94/100], Step [12], Loss_D: 0.0118, Loss_G: 0.0890, D(x): 0.9975, D(G(z)): 0.0093
Epoch [94/100], Step [13], Loss_D: 0.0080, Loss_G: 0.0817, D(x): 1.0000, D(G(z)): 0.0080
Epoch [95/100], Step [1], Loss_D: 0.0081, Loss_G: 0.0849, D(x): 0.9998, D(G(z)): 0.0079
Epoch [95/100], Step [2], Loss_D: 0.0258, Loss_G: 0.0868, D(x): 0.9833, D(G(z)): 0.0091
Epoch [95/100], Step [3], Loss_D: 0.0309, Loss_G: 0.0790, D(x): 0.9724, D(G(z)): 0.0033
Epoch [95/100], Step [4], Loss_D: 0.0044, Loss_G: 0.0861, D(x): 0.9988, D(G(z)): 0.0031
Epoch [95/100], Step [5], Loss_D: 0.0020, Loss_G: 0.0893, D(x): 0.9994, D(G(z)): 0.0014
Epoch [95/100], Step [6], Loss_D: 0.0026, Loss_G: 0.0830, D(x): 0.9990, D(G(z)): 0.0016
Epoch [95/100], Step [7], Loss_D: 0.0156, Loss_G: 0.1021, D(x): 0.9861, D(G(z)): 0.0017
Epoch [95/100], Step [8], Loss_D: 0.0032, Loss_G: 0.0935, D(x): 0.9990, D(G(z)): 0.0022
Epoch [95/100], Step [9], Loss_D: 0.0065, Loss_G: 0.0725, D(x): 0.9986, D(G(z)): 0.0051
Epoch [95/100], Step [10], Loss_D: 0.0110, Loss_G: 0.0854, D(x): 0.9947, D(G(z)): 0.0057
Epoch [95/100], Step [11], Loss_D: 0.0127, Loss_G: 0.0802, D(x): 0.9988, D(G(z)): 0.0115
Epoch [95/100], Step [12], Loss_D: 0.0117, Loss_G: 0.0803, D(x): 0.9977, D(G(z)): 0.0094
Epoch [95/100], Step [13], Loss_D: 0.0210, Loss_G: 0.0912, D(x): 0.9823, D(G(z)): 0.0033
Epoch [96/100], Step [1], Loss_D: 0.0046, Loss_G: 0.0859, D(x): 0.9996, D(G(z)): 0.0042
Epoch [96/100], Step [2], Loss_D: 0.0074, Loss_G: 0.0898, D(x): 0.9976, D(G(z)): 0.0050
Epoch [96/100], Step [3], Loss_D: 0.0078, Loss_G: 0.0879, D(x): 0.9942, D(G(z)): 0.0020
Epoch [96/100], Step [4], Loss_D: 0.0072, Loss_G: 0.0818, D(x): 0.9946, D(G(z)): 0.0018
Epoch [96/100], Step [5], Loss_D: 0.0566, Loss_G: 0.0786, D(x): 0.9492, D(G(z)): 0.0058
Epoch [96/100], Step [6], Loss_D: 0.0241, Loss_G: 0.0906, D(x): 0.9998, D(G(z)): 0.0239
Epoch [96/100], Step [7], Loss_D: 0.0370, Loss_G: 0.0933, D(x): 0.9967, D(G(z)): 0.0337
Epoch [96/100], Step [8], Loss_D: 0.0061, Loss_G: 0.0854, D(x): 0.9971, D(G(z)): 0.0032
Epoch [96/100], Step [9], Loss_D: 0.0084, Loss_G: 0.0947, D(x): 0.9920, D(G(z)): 0.0004
Epoch [96/100], Step [10], Loss_D: 0.0386, Loss_G: 0.0952, D(x): 0.9616, D(G(z)): 0.0002
Epoch [96/100], Step [11], Loss_D: 0.0502, Loss_G: 0.0933, D(x): 0.9500, D(G(z)): 0.0003
Epoch [96/100], Step [12], Loss_D: 0.0218, Loss_G: 0.0859, D(x): 0.9817, D(G(z)): 0.0034
Epoch [96/100], Step [13], Loss_D: 0.0336, Loss_G: 0.0872, D(x): 0.9996, D(G(z)): 0.0332
Epoch [97/100], Step [1], Loss_D: 0.0564, Loss_G: 0.0853, D(x): 0.9977, D(G(z)): 0.0541
Epoch [97/100], Step [2], Loss_D: 0.0029, Loss_G: 0.0849, D(x): 0.9985, D(G(z)): 0.0014
Epoch [97/100], Step [3], Loss_D: 0.0419, Loss_G: 0.0878, D(x): 0.9583, D(G(z)): 0.0002
Epoch [97/100], Step [4], Loss_D: 0.0229, Loss_G: 0.1064, D(x): 0.9772, D(G(z)): 0.0000
Epoch [97/100], Step [5], Loss_D: 0.0729, Loss_G: 0.0846, D(x): 0.9271, D(G(z)): 0.0001
Epoch [97/100], Step [6], Loss_D: 0.0326, Loss_G: 0.0823, D(x): 0.9676, D(G(z)): 0.0002
Epoch [97/100], Step [7], Loss_D: 0.0013, Loss_G: 0.0985, D(x): 0.9995, D(G(z)): 0.0008
Epoch [97/100], Step [8], Loss_D: 0.0411, Loss_G: 0.0812, D(x): 0.9664, D(G(z)): 0.0075
Epoch [97/100], Step [9], Loss_D: 0.0766, Loss_G: 0.0928, D(x): 0.9985, D(G(z)): 0.0752
Epoch [97/100], Step [10], Loss_D: 0.0156, Loss_G: 0.0864, D(x): 0.9883, D(G(z)): 0.0039
Epoch [97/100], Step [11], Loss_D: 0.0040, Loss_G: 0.0891, D(x): 0.9965, D(G(z)): 0.0005
Epoch [97/100], Step [12], Loss_D: 0.0449, Loss_G: 0.0882, D(x): 0.9552, D(G(z)): 0.0002
Epoch [97/100], Step [13], Loss_D: 0.0049, Loss_G: 0.0888, D(x): 0.9951, D(G(z)): 0.0000
Epoch [98/100], Step [1], Loss_D: 0.0382, Loss_G: 0.0954, D(x): 0.9619, D(G(z)): 0.0001
Epoch [98/100], Step [2], Loss_D: 0.0384, Loss_G: 0.0774, D(x): 0.9618, D(G(z)): 0.0002
Epoch [98/100], Step [3], Loss_D: 0.0045, Loss_G: 0.0853, D(x): 0.9980, D(G(z)): 0.0025
Epoch [98/100], Step [4], Loss_D: 0.0184, Loss_G: 0.0896, D(x): 0.9996, D(G(z)): 0.0179
Epoch [98/100], Step [5], Loss_D: 0.0780, Loss_G: 0.0921, D(x): 0.9892, D(G(z)): 0.0671
Epoch [98/100], Step [6], Loss_D: 0.0274, Loss_G: 0.0838, D(x): 0.9849, D(G(z)): 0.0123
Epoch [98/100], Step [7], Loss_D: 0.0205, Loss_G: 0.0782, D(x): 0.9825, D(G(z)): 0.0030
Epoch [98/100], Step [8], Loss_D: 0.0202, Loss_G: 0.0900, D(x): 0.9812, D(G(z)): 0.0014
Epoch [98/100], Step [9], Loss_D: 0.0542, Loss_G: 0.0826, D(x): 0.9468, D(G(z)): 0.0010
Epoch [98/100], Step [10], Loss_D: 0.0051, Loss_G: 0.0919, D(x): 0.9965, D(G(z)): 0.0016
Epoch [98/100], Step [11], Loss_D: 0.0089, Loss_G: 0.0890, D(x): 0.9955, D(G(z)): 0.0044
Epoch [98/100], Step [12], Loss_D: 0.0526, Loss_G: 0.0845, D(x): 0.9613, D(G(z)): 0.0139
Epoch [98/100], Step [13], Loss_D: 0.0181, Loss_G: 0.0886, D(x): 0.9987, D(G(z)): 0.0168
Epoch [99/100], Step [1], Loss_D: 0.0268, Loss_G: 0.0979, D(x): 0.9996, D(G(z)): 0.0265
Epoch [99/100], Step [2], Loss_D: 0.0054, Loss_G: 0.0889, D(x): 0.9998, D(G(z)): 0.0052
Epoch [99/100], Step [3], Loss_D: 0.0104, Loss_G: 0.0870, D(x): 0.9906, D(G(z)): 0.0010
Epoch [99/100], Step [4], Loss_D: 0.0026, Loss_G: 0.0969, D(x): 0.9976, D(G(z)): 0.0002
Epoch [99/100], Step [5], Loss_D: 0.0491, Loss_G: 0.0925, D(x): 0.9510, D(G(z)): 0.0002
Epoch [99/100], Step [6], Loss_D: 0.0218, Loss_G: 0.0992, D(x): 0.9784, D(G(z)): 0.0001
Epoch [99/100], Step [7], Loss_D: 0.0018, Loss_G: 0.0882, D(x): 0.9987, D(G(z)): 0.0005
Epoch [99/100], Step [8], Loss_D: 0.0155, Loss_G: 0.0847, D(x): 0.9863, D(G(z)): 0.0019
Epoch [99/100], Step [9], Loss_D: 0.0136, Loss_G: 0.0865, D(x): 0.9975, D(G(z)): 0.0111
Epoch [99/100], Step [10], Loss_D: 0.0358, Loss_G: 0.0946, D(x): 0.9866, D(G(z)): 0.0224
Epoch [99/100], Step [11], Loss_D: 0.0229, Loss_G: 0.0872, D(x): 0.9995, D(G(z)): 0.0223
Epoch [99/100], Step [12], Loss_D: 0.0107, Loss_G: 0.0904, D(x): 0.9992, D(G(z)): 0.0099
Epoch [99/100], Step [13], Loss_D: 0.0338, Loss_G: 0.0903, D(x): 0.9682, D(G(z)): 0.0020
Epoch [100/100], Step [1], Loss_D: 0.0029, Loss_G: 0.0976, D(x): 0.9997, D(G(z)): 0.0026
Epoch [100/100], Step [2], Loss_D: 0.0073, Loss_G: 0.0905, D(x): 0.9941, D(G(z)): 0.0014
Epoch [100/100], Step [3], Loss_D: 0.0096, Loss_G: 0.0750, D(x): 0.9914, D(G(z)): 0.0010
Epoch [100/100], Step [4], Loss_D: 0.0059, Loss_G: 0.0923, D(x): 0.9958, D(G(z)): 0.0017
Epoch [100/100], Step [5], Loss_D: 0.0033, Loss_G: 0.0716, D(x): 0.9994, D(G(z)): 0.0027
Epoch [100/100], Step [6], Loss_D: 0.0065, Loss_G: 0.1009, D(x): 1.0000, D(G(z)): 0.0065
Epoch [100/100], Step [7], Loss_D: 0.0141, Loss_G: 0.0893, D(x): 0.9962, D(G(z)): 0.0102
Epoch [100/100], Step [8], Loss_D: 0.0100, Loss_G: 0.0832, D(x): 0.9926, D(G(z)): 0.0026
Epoch [100/100], Step [9], Loss_D: 0.0036, Loss_G: 0.0911, D(x): 0.9989, D(G(z)): 0.0025
Epoch [100/100], Step [10], Loss_D: 0.0062, Loss_G: 0.0918, D(x): 0.9976, D(G(z)): 0.0038
Epoch [100/100], Step [11], Loss_D: 0.0121, Loss_G: 0.0936, D(x): 0.9937, D(G(z)): 0.0058
Epoch [100/100], Step [12], Loss_D: 0.0177, Loss_G: 0.0876, D(x): 0.9891, D(G(z)): 0.0068
Epoch [100/100], Step [13], Loss_D: 0.0146, Loss_G: 0.0786, D(x): 0.9985, D(G(z)): 0.0131
warning: driver api and driver versions are different
